
INSERT INTO tipo_cliente (activo,codigo,descripcion,nombre) VALUES
(TRUE, 'REG', 'Cliente regular, no tiene beneficios especiales.', 'REGULAR'),
(TRUE, 'EST', 'Cliente estandar, tiene beneficios basicos.', 'ESTANDAR'),
(TRUE, 'PREF', 'Cliente preferencial, tiene beneficios preferenciales.', 'PREFERENCIAL'),
(TRUE, 'VIP', 'Cliente regular, tiene beneficios especiales y atencion personalizada.', 'VIP');

INSERT INTO tipo_cuenta (activo,codigo,descripcion,nombre) VALUES
(TRUE,'AHO','Cuenta de ahorros para personas naturales.','AHORRO'),
(TRUE,'COR','Cuenta corriente con sobregiro autorizado.','CORRIENTE'),
(TRUE,'NOM','Cuenta para recepcion de salario.','NOMINA'),
(TRUE,'PF','Cuenta de plazo fijo con rentabilidad garantizada :D.','PLAZO FIJO'),
(TRUE,'JUV','Cuenta para menores de edad y jovenes.','JUVENIL'),
(TRUE,'EMP','Cuenta para empresas y personas juridicas.','EMPRESARIAL'),
(TRUE,'DIV','Cuenta en moneda extranjera.','DIVISA EXTRANJERA'),
(TRUE,'DIG','Cuenta 101% digital sin papeleria.','DIGITAL');

INSERT INTO tipo_tarjetas (activo,codigo,descripcion,nombre) VALUES
(TRUE,'DEB','Tarjeta de debito','DEBITO'),
(TRUE,'CRE','Tarjeta de credito','CREDITO'),
(TRUE,'PRE','Tarjeta prepago','PREPAGO'),
(TRUE,'EMP','Tarjeta empresarial','EMPRESARIAL'),
(TRUE,'NOM','Tarjeta de nomina','NOMINA'),
(TRUE,'VIR','Tarjeta virtual','VIRTUAL');

INSERT INTO marca_tarjeta (activo,codigo,descripcion,nombre) VALUES
(TRUE,'VIS','Tarjeta de la red Visa International','VISA'),
(TRUE,'MAS','Tarjeta de la red Mastercard','MASTERCARD'),
(TRUE,'AMX','Tarjeta de la red AMERICAN EXPRESOOO','AMERICAN EXPRESS'),
(TRUE,'DIN','Tarjeta de la red Diners Club International','DINERS CLUB'),
(TRUE,'DIS','Tarjeta de la red Discover','DISCOVER'),
(TRUE,'UNI','Tarjeta de la red UNION PLAY CHI-CHI-CHI LE-LE-LE','UNION PAY'),
(TRUE,'SER','Tarjeta de la red Nacion Servibanca','SERVIBANCA'),
(TRUE,'CRB','Tarjeta de la red Credibanco','CREDIBANCO');

INSERT INTO nivel_tarjeta (activo,codigo,descripcion,nombre) VALUES
(TRUE,'CLA','Tarjeta de nivel basico con beneficios estandares','CLASICA'),
(TRUE,'GOL','Tarjeta dorada con beneficios mejorados','GOLD'),
(TRUE,'PLA','Tarjeta platino con beneficios premiun exclusivos','PLATINO'),
(TRUE,'BLA','Tarjeta negra para segmento totalmente exclusivo','BLACK'),
(TRUE,'SIG','Tarjeta signature con servicios de lujooo','SIGNATURE'),
(TRUE,'INF','Tarjeta infinite sin LIMITES!','INFINITE'),
(TRUE,'EMP','Tarjeta especial para empresas','EMPRESARIAL');

INSERT INTO tipo_prestamo (activo,codigo,descripcion,nombre) VALUES
(TRUE,'PER','Prestamo personal de libre destinacion','PERSONAL'),
(TRUE,'HIP','Prestamo para compra de vivienda','HIPOTECARIO'),
(TRUE,'AUT','Prestamo para compra de vehiculos','AUTOMOTRIZ'),
(TRUE,'EST','Prestamo para financiar estudios','ESTUDIANTIL'),
(TRUE,'LCR','Prestamo para lineas de credito rotativas','LINEA DE CREDITO'),
(TRUE,'COM','Prestamo para actividades del comercio/comerciales','COMERCIAL'),
(TRUE,'LIB','Prestamo de libre inversion','LIBRE INVERSION'),
(TRUE,'ROT','Prestamo para creditos rotativos con cupos disponibles','CREDITO ROTATIVO'),
(TRUE,'PRE','Prestamo con garantia prendaria','PRENDARIO');

INSERT INTO tipo_cuota_de_manejo (activo,codigo,descripcion,nombre) VALUES
(TRUE,'PER','Cuota de manejo cobrada periodicamente','PERIODICA'),
(TRUE,'PRO','Cuota basada en el tipo de producto','TIPO PRODUCTO'),
(TRUE,'CLI','Cuota segun perfil del cliente','PERFIL CLIENTE'),
(TRUE,'EXO','Cliente exonerado de cuota de manejo','EXONERADA');

INSERT INTO tipo_nit (activo,codigo,descripcion,nombre) VALUES
(TRUE,'GC','Grandes contribuyentes segun la DIAN','GRAN CONTRIBUYENTE'),
(TRUE,'RC','Regimen comun de IVA','REGIMEN COMUN'),
(TRUE,'RS','Regimen simple de tributacion','REGIMEN SIMPLE'),
(TRUE,'RE','Regimen especial de IVA','REGIMEN ESPECIAL'),
(TRUE,'RSI','Regimen simplificado','REGIMEN SIMPLIFICADO'),
(TRUE,'NRI','No responsable de IVA','NO RESPONSABLE DE IVA'),
(TRUE,'RIV','Responsable de IVA','RESPONSABLE DE IVA'),
(TRUE,'AUT','Agente autorretenedor','AUTORRETENEDOR'),
(TRUE,'EXT','Entidad del exterior','ENTIDAD EXTRANJERA'),
(TRUE,'SC','Sin clasificacion tributaria','SIN CLASIFICAR');

INSERT INTO metodos_de_pago (activo,codigo,descripcion,nombre) VALUES
(TRUE, 'EFE','Pago en efectivo','EFECTIVO'),
(TRUE, 'TRB','Transferencia entre cuentas','TRANSFERENCIA BANCARIA'),
(TRUE, 'DBA','Debito automatico de cuenta','DEBITO AUTOMATICO'),
(TRUE, 'TCR','Pago con tarjeta de credito','TARJETA CREDITO'),
(TRUE, 'TDE','Pago con tarjeta de debito','TARJETA DEBITO'),
(TRUE, 'CHE','Pago con cheque','CHEQUE'),
(TRUE, 'BID','Billetera digital/movil','BILLETERA DIGITAL'),
(TRUE, 'POL','Pago en linea/internet','PAGO EN LINEA'),
(TRUE, 'CON','Consignacion bancaria','CONSIGNACION'),
(TRUE, 'DNO','Descuento por nomina','DESCUENTO NOMINA'),
(TRUE, 'PMO','Pago movil','PAGO MOVIL'),
(TRUE, 'CCO','Debito a cuenta corriente','CUENTA CORRIENTE'),
(TRUE, 'CAH','Debito a cuenta de ahorros','CUENTA AHORRO'),
(TRUE, 'PSE','Pagos seguros en linea','PSE'),
(TRUE, 'OTR','Otro metodo de pago','OTRO');


INSERT INTO monedas (activo,codigo,descripcion,nombre,simbolo) VALUES 
(TRUE,'COP','Moneda oficial de Colombia','Peso Colombiano','$'),
(TRUE,'USD','Moneda de Estados Unidos','Dolar Estadounidense','$'),
(TRUE,'EUR','Moneda oficial de la Eurozona','Euro','€'),
(TRUE,'GBP','Moneda del Reino Unido','Libra Esterlina','£'),
(TRUE,'JPY','Moneda oficial de Japon','Yen Japones','¥'),
(TRUE,'CNY','Moneda oficial de China','Yuan Chino','¥'),
(TRUE,'CHF','Moneda de Suiza','Franco Suizo','Fr'),
(TRUE,'CAD','Moneda de Canada','Dolar Canadiense','$'),
(TRUE,'AUD','Moneda de Australia','Dolar Australiano','$'),
(TRUE,'BRL','Moneda oficial de Brasil','Real Brasileno','R$'),
(TRUE,'MXN','Moneda oficial de Mexico','Peso Mexicano','$'),
(TRUE,'CLP','Moneda oficial de Chile','Peso Chileno','$'),
(TRUE,'PEN','Moneda oficial de Peru','Sol Peruano','S/'),
(TRUE,'ARS','Moneda oficial de Argentina','Peso Argentino','$'),
(TRUE,'VES','Moneda oficial de Venezuela','Bolivar Venezolano','Bs'),
(TRUE,'INR','Moneda oficial de India','Rupia India','₹');



INSERT INTO estados (activo,codigo,contexto,descripcion,nombre) VALUES 
(TRUE,'CTA_ACT','CUENTA','Cuenta activa y operativa','ACTIVA'),
(TRUE,'CTA_CER','CUENTA','Cuenta cerrada definitivamente','CERRADA'),
(TRUE,'CTA_BLO','CUENTA','Cuenta bloqueada temporalmente','BLOQUEADA'),
(TRUE,'TAR_ACT','TARJETA','Tarjeta activa para uso','ACTIVA'),
(TRUE,'TAR_CER','TARJETA','Tarjeta cerrada','CERRADA'),
(TRUE,'TAR_BLO','TARJETA','Tarjeta bloqueada','BLOQUEADA'),
(TRUE,'TAR_VEN','TARJETA','Tarjeta vencida','VENCIDA'),
(TRUE,'PRE_SOL','PRESTAMO','Prestamo solicitado','SOLICITADO'),
(TRUE,'PRE_EVA','PRESTAMO','En proceso de evaluacion','EN EVALUACION'),
(TRUE,'PRE_APR','PRESTAMO','Prestamo aprobado','APROBADO'),
(TRUE,'PRE_DES','PRESTAMO','Prestamo desembolsado','DESEMBOLSADO'),
(TRUE,'PRE_CUR','PRESTAMO','Prestamo en curso de pago','EN CURSO'),
(TRUE,'PRE_MOR','PRESTAMO','Prestamo en mora','EN MORA'),
(TRUE,'PRE_REE','PRESTAMO','Prestamo reestructurado','REESTRUCTURADO'),
(TRUE,'PRE_CAS','PRESTAMO','Prestamo castigado','CASTIGADO'),
(TRUE,'PRE_PAG','PRESTAMO','Prestamo totalmente pagado','PAGADO'),
(TRUE,'PRE_CAN','PRESTAMO','Prestamo cancelado','CANCELADO');

INSERT INTO frecuencias_pago (activo,codigo,descripcion,dias_frecuencia,nombre) VALUES
(TRUE,'DIA','Pago diario',1,'DIARIO'),
(TRUE,'SEM','Pago semanal',7,'SEMANAL'),
(TRUE,'QUI','Pago quincenal',15,'QUINCENAL'),
(TRUE,'MEN','Pago mensual',30,'MENSUAL'),
(TRUE,'BIM','Pago cada dos meses',60,'BIMESTRAL'),
(TRUE,'TRI','Pago trimestral',90,'TRIMESTRAL'),
(TRUE,'CUA','Pago cuatrimestral',120,'CUATRIMESTRAL'),
(TRUE,'SEM_A','Pago semestral',180,'SEMESTRAL'),
(TRUE,'ANU','Pago anual',365,'ANUAL'),
(TRUE,'UNI','Pago unico',0,'UNICO'),
(TRUE,'OTR','Otra frecuencia especifica',0,'OTRO');



INSERT INTO tipos_operacion (activo,codigo,descripcion,nombre,tipo_movimiento) VALUES
(TRUE,'DEP_EFE','Deposito en efectivo','DEPOSITO EFECTIVO','CREDITO'),
(TRUE,'TRA_REC','Transferencia recibida','TRANSFERENCIA RECIBIDA','CREDITO'),
(TRUE,'PAG_NOM','Pago de nomina','PAGO NOMINA','CREDITO'),
(TRUE,'INT_GAN','Intereses ganados','INTERESES GANADOS','CREDITO'),
(TRUE,'DEV_COM','Devolucion de compra','DEVOLUCION COMPRA','CREDITO'),
(TRUE,'ABO_PRE','Abono a prestamo','ABONO PRESTAMO','CREDITO'),
(TRUE,'CASHB','Cashback por compras','CASHBACK','CREDITO'),
(TRUE,'OTR_CRE','Otro credito','OTRO CREDITO','CREDITO'),
(TRUE,'RET_EFE','Retiro en efectivo','RETIRO EFECTIVO','DEBITO'),
(TRUE,'TRA_ENV','Transferencia enviada','TRANSFERENCIA ENVIADA','DEBITO'),
(TRUE,'PAG_SER','Pago de servicios','PAGO SERVICIOS','DEBITO'),
(TRUE,'PAG_TAR','Pago tarjeta credito','PAGO TARJETA CREDITO','DEBITO'),
(TRUE,'COM_TAR','Compra con tarjeta','COMPRA TARJETA','DEBITO'),
(TRUE,'CUO_MAN','Cuota de manejo','CUOTA MANEJO','DEBITO'),
(TRUE,'COMIS','Comision bancaria','COMISION','DEBITO'),
(TRUE,'RET_AUT','Retiro automatico','RETIRO AUTOMATICO','DEBITO'),
(TRUE,'PAG_PRE','Pago de prestamo','PAGO PRESTAMO','DEBITO'),
(TRUE,'OTR_DEB','Otro debito','OTRO DEBITO','DEBITO');



INSERT INTO tipos_transaccion (activo,codigo,descripcion,nombre) VALUES 
(TRUE,'DEP_EFE','Deposito en efectivo','DEPOSITO EFECTIVO'),
(TRUE,'TRA_REC','Transferencia recibida','TRANSFERENCIA RECIBIDA'),
(TRUE,'INT_ACR','Interes acreditado','INTERES ACREDITADO'),
(TRUE,'DEV_COM','Devolucion de compra','DEVOLUCION COMPRA'),
(TRUE,'PAG_NOM','Pago de nomina','PAGO NOMINA'),
(TRUE,'ABO_PRE','Abono a prestamo','ABONO PRESTAMO'),
(TRUE,'BON_PRO','Bono promocional','BONO PROMOCIONAL'),
(TRUE,'RET_EFE','Retiro en efectivo','RETIRO EFECTIVO'),
(TRUE,'TRA_ENV','Transferencia enviada','TRANSFERENCIA ENVIADA'),
(TRUE,'PAG_SER','Pago de servicios','PAGO SERVICIOS'),
(TRUE,'PAG_TAR','Pago tarjeta credito','PAGO TARJETA CREDITO'),
(TRUE,'COM_TAR','Compra con tarjeta','COMPRA TARJETA'),
(TRUE,'CUO_MAN','Cuota de manejo','CUOTA MANEJO'),
(TRUE,'COMIS','Comision','COMISION'),
(TRUE,'PAG_PRE','Pago de prestamo','PAGO PRESTAMO'),
(TRUE,'DEB_AUT','Debito automatico','DEBITO AUTOMATICO'),
(TRUE,'IMPUEST','Impuesto','IMPUESTO'),
(TRUE,'OTRO','Otra transaccion','OTRO');



INSERT INTO metodos_transaccion (activo,codigo,descripcion,nombre) VALUES 
(TRUE,'EFE','Operacion en efectivo','EFECTIVO'),
(TRUE,'TRN','Transferencia bancaria','TRANSFERENCIA'),
(TRUE,'POL','Pago en linea','PAGO EN LINEA'),
(TRUE,'TAR','Operacion con tarjeta','TARJETA'),
(TRUE,'CHE','Pago con cheque','CHEQUE'),
(TRUE,'PSE','Pagos Seguros en Linea','PSE'),
(TRUE,'BID','Billetera digital','BILLETERA DIGITAL'),
(TRUE,'OTR','Otro metodo','OTRO');





INSERT INTO estados_pago (activo,codigo,descripcion,nombre) VALUES 
(TRUE,'PEN','Pago pendiente de procesamiento','PENDIENTE'),
(TRUE,'COM','Pago completado exitosamente','COMPLETADO'),
(TRUE,'REC','Pago rechazado','RECHAZADO'),
(TRUE,'FAL','Pago fallido por error tecnico','FALLIDO'),
(TRUE,'CAN','Pago cancelado por el usuario','CANCELADO'),
(TRUE,'PRO','Pago en proceso','EN PROCESO'),
(TRUE,'REV','Pago revertido','REVERTIDO'),
(TRUE,'PAR','Pago parcial realizado','ABONADO PARCIAL'),
(TRUE,'VEN','Pago vencido','VENCIDO'),
(TRUE,'EXO','Pago exonerado','EXONERADO');




INSERT INTO estados_cuota (activo,codigo,descripcion,nombre) VALUES 
(TRUE,'PEN','Cuota pendiente de pago','PENDIENTE'),
(TRUE,'PAG','Cuota pagada completamente','PAGADA'),
(TRUE,'GEN','Cuota generada','GENERADA'),
(TRUE,'PAG_PAR','Cuota pagada parcialmente','PAGADA_PARCIAL'),
(TRUE,'VEN','Cuota vencida','VENCIDA'),
(TRUE,'MOR','Cuota en mora','EN_MORA'),
(TRUE,'CON','Cuota condonada','CONDONADA'),
(TRUE,'REP','Cuota reprogramada','REPROGRAMADA'),
(TRUE,'ANU','Cuota anulada','ANULADA'),
(TRUE,'EXO','Cuota exonerada','EXONERADA'),
(TRUE,'CAN','Cuota cancelada','CANCELADA'),
(TRUE,'AJS','Cuota ajustada','AJUSTADA'),
(TRUE,'NAP','No aplica','NO_APLICA');




INSERT INTO eventos_tarjeta (activo,codigo,descripcion,nombre) VALUES 
(TRUE,'ACT','Tarjeta activada','ACTIVADA'),
(TRUE,'CER','Tarjeta cerrada','CERRADA'),
(TRUE,'BLO','Tarjeta bloqueada','BLOQUEADA'),
(TRUE,'DES','Tarjeta desbloqueada','DESBLOQUEADA'),
(TRUE,'VEN','Tarjeta vencida','VENCIDA'),
(TRUE,'REN','Tarjeta renovada','RENOVADA'),
(TRUE,'PER','Tarjeta reportada como perdida','PERDIDA'),
(TRUE,'ROB','Tarjeta reportada como robada','ROBADA'),
(TRUE,'REE','Tarjeta reemplazada','REEMPLAZADA');





INSERT INTO tipos_pago (activo,codigo,descripcion,nombre) VALUES 
(TRUE,'CUO_PRE','Pago de cuota de prestamo','CUOTA PRESTAMO'),
(TRUE,'CUO_MAN','Pago de cuota de manejo','CUOTA MANEJO'),
(TRUE,'TAR_CRE','Pago de tarjeta de credito','TARJETA CREDITO'),
(TRUE,'TAR_DEB','Pago con tarjeta debito','TARJETA DEBITO'),
(TRUE,'SERVIC','Pago de servicios','SERVICIO'),
(TRUE,'PRE_TOT','Pago total de prestamo','PRESTAMO TOTAL'),
(TRUE,'TRA_ENT','Transferencia entrante','TRANSFERENCIA ENTRANTE'),
(TRUE,'TRA_SAL','Transferencia saliente','TRANSFERENCIA SALIENTE'),
(TRUE,'RECARG','Recarga de servicios','RECARGA'),
(TRUE,'OTRO','Otro tipo de pago','OTRO');




INSERT INTO interes (activo,codigo,nombre,tipo,valor) VALUES
(TRUE,'INT_AHO','Interes Ahorros','FIJO',0.0250),
(TRUE,'INT_COR','Interes Corriente','VARIABLE',0.0150),
(TRUE,'INT_PRE_PER','Interes Prestamo Personal','FIJO',0.1850),
(TRUE,'INT_PRE_HIP','Interes Hipotecario','VARIABLE',0.0950),
(TRUE,'INT_PRE_AUT','Interes Automotriz','FIJO',0.1350),
(TRUE,'INT_TAR_CRE','Interes Tarjeta Credito','VARIABLE',0.2450),
(TRUE,'INT_MORA','Interes de Mora','MORA',0.0500),
(TRUE,'INT_PF','Interes Plazo Fijo','FIJO',0.0650),
(TRUE,'NO_APLICA','No Aplica Interes','NO_APLICA',0.0000),
(TRUE,'INT_EST','Interes Estudiantil','FIJO',0.0850),
(TRUE,'INT_COM','Interes Comercial','VARIABLE',0.1650),
(TRUE,'INT_LIB','Interes Libre Inversion','FIJO',0.1950),
(TRUE,'INT_ROT','Interes Credito Rotativo','VARIABLE',0.2250),
(TRUE,'INT_PRE_PRE','Interes Prendario','FIJO',0.1450);





INSERT INTO descuento (activo,codigo,descripcion,fecha_fin,fecha_inicio,nombre,tipo_valor,valor) VALUES 
(TRUE,'DESC_USO','Descuento por uso frecuente de productos','2025-12-31',NOW(),'Descuento por Uso','MONTO_FIJO',500.00),
(TRUE,'DESC_DEB_AUT','Descuento por tener debito automatico','2025-12-31',NOW(),'Descuento Debito Automatico','PORCENTAJE',15.00),
(TRUE,'DESC_CUO_MAN','Exencion de cuota de manejo','2025-12-31',NOW(),'Exencion Cuota Manejo','PORCENTAJE',100.00),
(TRUE,'DESC_CONV','Descuento por convenio empresarial','2025-12-31',NOW(),'Descuento Convenio','PORCENTAJE',20.00),
(TRUE,'CASHBACK','Devolucion por compras','2025-12-31',NOW(),'Cashback Compras','PORCENTAJE',2.50),
(TRUE,'DESC_SEG','Descuento en seguros','2025-12-31',NOW(),'Descuento Seguros','PORCENTAJE',25.00),
(TRUE,'DESC_NOM','Descuento por cuenta nomina','2025-12-31',NOW(),'Descuento Nomina','MONTO_FIJO',1000.00),
(TRUE,'DESC_VIP','Descuento cliente VIP','2025-12-31',NOW(),'Descuento VIP','PORCENTAJE',30.00),
(TRUE,'DESC_JUV','Descuento cuenta juvenil','2025-12-31',NOW(),'Descuento Juvenil','PORCENTAJE',50.00),
(TRUE,'DESC_EMP','Descuento empresarial','2025-12-31',NOW(),'Descuento Empresarial','PORCENTAJE',25.00),
(TRUE,'DESC_DIG','Descuento cuenta digital','2025-12-31',NOW(),'Descuento Digital','MONTO_FIJO',750.00),
(TRUE,'DESC_LO','Descuento lealtad','2025-12-31',NOW(),'Descuento Lealtad','PORCENTAJE',10.00);

-- tipo_cliente (1,4)     tipo_nit (1,10)
INSERT INTO clientes (activo,email,fecha_creacion,nit,num_contacto,primer_apellido,primer_nombre,segundo_apellido,segundo_nombre,tipo_cliente_id,tipo_nit_id,tipo_persona) VALUES 
(TRUE,'julian.c@email.com',NOW(),'1095849038','3029390826','Villamizar','Julian','Montañez','Camilo',4,6,'NATURAL'),
(TRUE,'pedro@email.com',NOW(),'1090985647','3029303938','Garcia','Paco','Gonzales','Paconcio',1,1,'JURIDICA'),
(TRUE,'paco@email.com',NOW(),'1094638304','3059382928','Loo','Esteban','Rodriguez','Estebano',2,2,'NATURAL'),
(TRUE,'tulio@email.com',NOW(),'1073849274','30293849587','Rodriguez','Santi','Martinez','Santiaguito',3,3,'NATURAL'),
(TRUE,'laura@email.com',NOW(),'1098472849','30291039548','Martinez','Sonti','Ooi','Jonny',4,4,'JURIDICA'),
(TRUE,'marcelo@email.com',NOW(),'1046372839','31102938954','Ooi','Kakaroto','Anzola','Koku',1,5,'NATURAL'),
(TRUE,'marcela@email.com',NOW(),'1090473526','31102938475','Anzola','Marcelin','Lopez','Vampire',2,6,'NATURAL'),
(TRUE,'adrian@email.com',NOW(),'1090382738','31203948573','Lopez','Marcelino','Qaq','Lucino',3,7,'NATURAL'),
(TRUE,'santiago@email.com',NOW(),'1029384575','30293045918','Qaq','Marcelo','Sanchez','Lolino',4,8,'JURIDICA'),
(TRUE,'josias@email.com',NOW(),'1029029381','3029103921','Sanchez','Juan','Buhajeruk','David',1,9,'NATURAL'),
(TRUE,'maikel@email.com',NOW(),'1020293817','30293039182','Buhajeruk','Yulian','Hernandez','Melpico',2,10,'NATURAL'),
(TRUE,'superkoku@email.com',NOW(),'1090384726','3010293019','Hernandez','Yuli','Montañez','Merina',3,1,'NATURAL'),
(TRUE,'elpapu777@email.com',NOW(),'1092837289','31102938193','Rimunot','Xu-lian','Romero','Ximpeng',4,2,'JURIDICA'),
(TRUE,'samuel@email.com',NOW(),'1023219473','3010209391','Romero','Xi','Torres','Yinping',1,3,'NATURAL'),
(TRUE,'saul@email.com',NOW(),'1098473627','30039201938','Torres','No','Gomez','Se',2,4,'NATURAL'),
(TRUE,'sofia@email.com',NOW(),'1092837192','3110293029','Gomez','Talvez','Fernandez','Capaz',3,5,'NATURAL'),
(TRUE,'laura.c@email.com',NOW(),'1092039485','3020391019','Fernandez','Nombre','Pacsi','SegundoNombre',4,6,'NATURAL'),
(TRUE,'camila@email.com',NOW(),'1032930495','30291039287','Pacsi','erbmoN','Alvarez','erbmoNodnugeS',1,7,'JURIDICA'),
(TRUE,'lorena@email.com',NOW(),'1039283459','3029103129','Alvarez','Patricio','Perez','Estrella',2,8,'NATURAL'),
(TRUE,'david@email.com',NOW(),'1032938472','3029103928','Perez','Patrick','Jimenez','Star',3,9,'NATURAL'),
(TRUE,'juan.david@email.com',NOW(),'1039283746','3029102938','Jimenez','Rick','Mendoza','Rockero',4,10,'NATURAL'),
(TRUE,'pabonjuan@email.com',NOW(),'1019182736','3029457123','Mendoza','Ricardo','Muñoz','Milos',1,1,'NATURAL'),
(TRUE,'kevin@email.com',NOW(),'1039203954','3028173922','Muñoz','Richard','Flores','Darwin',2,2,'NATURAL'),
(TRUE,'thegang@email.com',NOW(),'1090392834','3029909121','Flores','Ricardito','Gomezferrer','Arturito',3,3,'NATURAL'),
(TRUE,'enterprise@email.com',NOW(),'1092938273','3019203928','Gomezferrer','Royer','Caszely','Piraton',4,4,'JURIDICA'),
(TRUE,'nose@email.com',NOW(),'1092832745','3092019398','Caszely','Roger','Magik','Pirate',1,5,'NATURAL'),
(TRUE,'estaleyendoesto@email.com',NOW(),'1903928394','3002910392','Magik','Loyel','Magik','Pilata',2,6,'NATURAL'),
(TRUE,'susregistros@email.com',NOW(),'1032394827','3020293817','Bedman','El propio','Paracetamol','propisio',4,6,'NATURAL'),
(TRUE,'receteamedica@email.com',NOW(),'10932039487','3090201938','en la mañana','Paracetamol','y en la tarde','cada 2 horas',4,8,'JURIDICA'),
(TRUE,'camion@email.com',NOW(),'1023928475','3098547212','Medina','Jose','Zzz','David',1,9,'NATURAL'),
(TRUE,'animal@email.com',NOW(),'1092394827','31192837480','Zzz','Josefo','Castro','Davidfo',2,10,'NATURAL'),
(TRUE,'caballo@email.com',NOW(),'1023928457','3010293847','Castro','Jus','Dominguez','ses',3,1,'NATURAL'),
(TRUE,'alitas@email.com',NOW(),'1090382756','3019283754','Dominguez','Josefina','Parra','La gallina',4,2,'NATURAL'),
(TRUE,'abeja@email.com',NOW(),'102932321','3019283747','Mierda','Joselia','Parra','Ramirez',1,3,'NATURAL'),
(TRUE,'miel@email.com',NOW(),'102932923','3029018238','Parra','Joselina','Parra','Ramirez',2,4,'JURIDICA'),
(TRUE,'panal@email.com',NOW(),'10930293847','3020939812','Morales','Josefina','Morales','Lucila',3,5,'NATURAL'),
(TRUE,'chuki@email.com',NOW(),'10932039481','3029198239','Casas','Maria','Casas','Camilia',1,6,'NATURAL'),
(TRUE,'adrian.el.mejor.trainer@email.com',NOW(),'1090382754','309332874','Ruiz','Adrian','Mondragon','Farid',2,7,'NATURAL'),
(TRUE,'nico.g@email.com',NOW(),'1090392837','302938172','De niro','Darwin','Ruiz','Jose',3,8,'NATURAL'),
(TRUE,'niko@email.com',NOW(),'1098372837','301020932','Cazzucheli','Dlawin','Soto','Jesus',4,9,'NATURAL'),
(TRUE,'denmepuntosporfavor@email.com',NOW(),'1093283746','301010123','Soto','Maikel','Doggenweiler','Donhel',1,10,'JURIDICA'),
(TRUE,'yacasitermino@email.com',NOW(),'10932839487','30292831823','Doggenweiler','Mikel','Castillo','Leonardo',2,1,'NATURAL'),
(TRUE,'holamundo@email.com',NOW(),'1093892837','301020392','Zempoalteca','Michel','Contreras','Lancelot',3,2,'NATURAL'),
(TRUE,'system.out.println@email.com',NOW(),'10932039482','3023049223','Contreras','Michelle','Rivera','Casca',4,3,'NATURAL'),
(TRUE,'pedro.pascal@email.com',NOW(),'1093283748','30405029328','Rivera','Miachel','Montoya','Eren',1,4,'NATURAL'),
(TRUE,'elmaestrosuporemo@email.com',NOW(),'1032930494','3070394238','Montoya','Mikael','Rojas','Tanjiro',2,5,'NATURAL'),
(TRUE,'darth.vader@email.com',NOW(),'1023948573','3029390129','Rojas','Curry','Peralta','Sukuna',3,6,'NATURAL'),
(TRUE,'lu keskywalker@email.com',NOW(),'1032938475','30293102934','Castillo','Estephano','Campoverde','La marmota',4,7,'JURIDICA'),
(TRUE,'sarita@email.com',NOW(),'1023928374','3920392032','Campoverde','Espehen','Peralta','joshep',1,8,'NATURAL'),
(TRUE,'sara@email.com',NOW(),'10932039381','3209123233','Peralta','Patrimonio','Castillo','Nacional',2,9,'NATURAL'),
(TRUE,'sara@email.com',NOW(),'10932039382','3209123233','Peralta','Patrimonio','Castillo','Nacional',2,9,'NATURAL'),
(TRUE,'sara@email.com',NOW(),'10932039383','3209123233','Peralta','Patrimonio','Castillo','Nacional',2,9,'NATURAL'),
(TRUE,'sara@email.com',NOW(),'10932039385','3209123233','Peralta','Patrimonio','Castillo','Nacional',2,9,'NATURAL'),
(TRUE,'sara@email.com',NOW(),'10932039386','3209123233','Peralta','Patrimonio','Castillo','Nacional',2,9,'NATURAL'),
(TRUE,'sara@email.com',NOW(),'10932039387','3209123233','Peralta','Patrimonio','Castillo','Nacional',2,9,'NATURAL'),
(TRUE,'sara@email.com',NOW(),'10932039388','3209123233','Peralta','Patrimonio','Castillo','Nacional',2,9,'NATURAL'),
(TRUE,'sara@email.com',NOW(),'10932039389','3209123233','Peralta','Patrimonio','Castillo','Nacional',2,9,'NATURAL'),
(TRUE,'sara@email.com',NOW(),'10932039310','3209123233','Peralta','Patrimonio','Castillo','Nacional',2,9,'NATURAL'),
(TRUE,'sara@email.com',NOW(),'10932039311','3209123233','Peralta','Patrimonio','Castillo','Nacional',2,9,'NATURAL'),
(TRUE,'sara@email.com',NOW(),'10932039312','3209123233','Peralta','Patrimonio','Castillo','Nacional',2,9,'NATURAL');



DESCRIBE  cuenta;INSERT INTO cuenta (cliente_id,estado_id,fecha_apertura,fecha_cierre,interes_id,moneda_id,numero,saldo_disponible,tipo_cuenta_id,transacciones_realizadas) VALUES 
(1,1,NOW(),NULL,1,1,'1001234567890',2500000.00,1,15),
(1,1,NOW(),NULL,2,1,'2001234567890',850000.00,2,8),
(2,1,NOW(),NULL,1,1,'1002345678901',1750000.00,1,12),
(3,1,NOW(),NULL,9,1,'3003456789012',3200000.00,3,6),
(4,1,NOW(),NULL,1,1,'1004567890123',950000.00,1,9),
(5,1,NOW(),NULL,2,1,'2005678901234',2100000.00,2,14),
(6,1,NOW(),NULL,8,1,'4006789012345',5500000.00,4,3),
(7,1,NOW(),NULL,1,1,'1007890123456',680000.00,1,11),
(8,1,NOW(),NULL,9,1,'3008901234567',2800000.00,3,7),
(9,1,NOW(),NULL,2,1,'2009012345678',1950000.00,2,13),
(10,1,NOW(),NULL,1,1,'1010123456789',4200000.00,1,5),
(11,1,NOW(),NULL,1,1,'1011234567890',1320000.00,1,8),
(12,1,NOW(),NULL,9,1,'3012345678901',3650000.00,3,4),
(13,1,NOW(),NULL,2,1,'2013456789012',780000.00,2,16),
(14,1,NOW(),NULL,8,1,'4014567890123',8900000.00,4,2),
(15,1,NOW(),NULL,1,1,'1015678901234',2150000.00,1,10),
(16,1,NOW(),NULL,5,1,'5016789012345',450000.00,5,25),
(17,1,NOW(),NULL,2,1,'2017890123456',3100000.00,2,9),
(18,1,NOW(),NULL,1,1,'1018901234567',1580000.00,1,14),
(19,1,NOW(),NULL,9,1,'3019012345678',2950000.00,3,6),
(20,1,NOW(),NULL,2,1,'2020123456789',4800000.00,2,11),
(21,1,NOW(),NULL,1,1,'1021234567890',825000.00,1,18),
(22,1,NOW(),NULL,8,1,'4022345678901',12500000.00,4,1),
(23,1,NOW(),NULL,2,1,'2023456789012',1750000.00,2,12),
(24,1,NOW(),NULL,1,1,'1024567890123',3400000.00,1,7),
(25,1,NOW(),NULL,9,1,'3025678901234',2200000.00,3,8),
(26,1,NOW(),NULL,2,1,'2026789012345',5200000.00,2,15),
(27,1,NOW(),NULL,1,1,'1027890123456',975000.00,1,20),
(28,1,NOW(),NULL,5,1,'5028901234567',680000.00,5,22),
(29,1,NOW(),NULL,2,1,'2029012345678',3850000.00,2,10),
(30,1,NOW(),NULL,1,1,'1030123456789',1465000.00,1,13),
(31,1,NOW(),NULL,9,1,'3031234567890',4100000.00,3,5),
(32,1,NOW(),NULL,2,1,'2032345678901',2650000.00,2,17),
(33,1,NOW(),NULL,8,1,'4033456789012',15200000.00,4,3),
(34,1,NOW(),NULL,1,1,'1034567890123',785000.00,1,19),
(35,1,NOW(),NULL,2,1,'2035678901234',3950000.00,2,8),
(36,1,NOW(),NULL,1,1,'1036789012345',2280000.00,1,11),
(37,1,NOW(),NULL,9,1,'3037890123456',1850000.00,3,9),
(38,1,NOW(),NULL,5,1,'5038901234567',525000.00,5,24),
(39,1,NOW(),NULL,2,1,'2039012345678',4650000.00,2,14),
(40,1,NOW(),NULL,1,1,'1040123456789',1125000.00,1,16),
(41,1,NOW(),NULL,8,1,'4041234567890',9800000.00,4,2),
(42,1,NOW(),NULL,2,1,'2042345678901',3150000.00,2,12),
(43,1,NOW(),NULL,1,1,'1043456789012',2750000.00,1,15),
(44,1,NOW(),NULL,9,1,'3044567890123',3850000.00,3,6),
(45,1,NOW(),NULL,2,1,'2045678901234',1950000.00,2,18),
(46,1,NOW(),NULL,1,1,'1046789012345',4250000.00,1,7),
(47,1,NOW(),NULL,5,1,'5047890123456',350000.00,5,26),
(48,1,NOW(),NULL,2,1,'2048901234567',5150000.00,2,10),
(49,1,NOW(),NULL,1,1,'1049012345678',1680000.00,1,21),
(50,1,NOW(),NULL,8,1,'4050123456789',18500000.00,4,1),
(51,1,NOW(),NULL,2,1,'6051234567890',45000000.00,6,25),
(52,1,NOW(),NULL,2,1,'6052345678901',28000000.00,6,18),
(53,1,NOW(),NULL,2,1,'6053456789012',35200000.00,6,22),
(54,1,NOW(),NULL,2,1,'6054567890123',15800000.00,6,16),
(55,1,NOW(),NULL,2,1,'6055678901234',42500000.00,6,28),
(56,1,NOW(),NULL,2,1,'6056789012345',38900000.00,6,31),
(57,1,NOW(),NULL,2,1,'6057890123456',52000000.00,6,24),
(58,1,NOW(),NULL,2,1,'6058901234567',29500000.00,6,19),
(59,1,NOW(),NULL,2,1,'6059012345678',48200000.00,6,26),
(60,1,NOW(),NULL,2,1,'6060123456789',33700000.00,6,21);








INSERT INTO tarjetas_bancarias (codigo_seguridad,estado_id,fecha_emision,fecha_vencimiento,limite_credito,marca_tarjeta_id,nivel_tarjeta_id,numero,tipo_tarjeta_id) VALUES 
('123',4,NOW(),'2027-12-31',0,1,1,'4532123456789012',1),
('456',4,NOW(),'2026-11-30',5000000,2,2,'5412345678901234',2),
('789',4,NOW(),'2028-01-31',0,1,1,'4532234567890123',1),
('321',4,NOW(),'2027-06-30',8000000,2,3,'5423456789012345',2),
('654',4,NOW(),'2026-12-31',15000000,1,7,'4532345678901234',4),
('987',4,NOW(),'2027-08-31',0,3,1,'3782456789012346',1),
('147',4,NOW(),'2028-02-28',6500000,1,2,'4532567890123457',2),
('258',4,NOW(),'2027-09-30',0,2,1,'5434678901234568',1),
('369',4,NOW(),'2026-10-31',12000000,2,4,'5445789012345679',2),
('741',4,NOW(),'2028-03-31',0,1,1,'4536890123456780',1),
('852',4,NOW(),'2027-07-31',7500000,3,3,'3787901234567891',2),
('963',4,NOW(),'2026-05-31',0,2,1,'5448012345678902',1),
('159',4,NOW(),'2028-04-30',9200000,1,3,'4539123456789013',2),
('357',4,NOW(),'2027-11-30',0,1,1,'4540234567890124',1),
('468',4,NOW(),'2026-08-31',11800000,2,4,'5451345678901235',2),
('579',4,NOW(),'2028-05-31',0,3,1,'3792456789012346',1),
('680',4,NOW(),'2027-10-31',5800000,1,2,'4543567890123457',2),
('791',4,NOW(),'2026-07-31',0,2,1,'5454678901234568',1),
('802',4,NOW(),'2028-06-30',13500000,2,5,'5465789012345679',2),
('913',4,NOW(),'2027-12-31',0,1,1,'4546890123456780',1),
('024',4,NOW(),'2026-09-30',8900000,3,4,'3797901234567891',2),
('135',4,NOW(),'2028-07-31',0,2,1,'5468012345678902',1),
('246',4,NOW(),'2027-04-30',7200000,1,3,'4549123456789013',2),
('357',4,NOW(),'2026-06-30',0,1,1,'4550234567890124',1),
('468',4,NOW(),'2028-08-31',10500000,2,4,'5471345678901235',2),
('579',4,NOW(),'2027-05-31',0,3,1,'3802456789012346',1),
('680',4,NOW(),'2026-11-30',6800000,1,2,'4553567890123457',2),
('791',4,NOW(),'2028-09-30',0,2,1,'5474678901234568',1),
('802',4,NOW(),'2027-03-31',14200000,2,5,'5485789012345679',2),
('913',4,NOW(),'2026-12-31',0,1,1,'4556890123456780',1),
('024',4,NOW(),'2028-10-31',9800000,3,4,'3807901234567891',2),
('135',4,NOW(),'2027-08-31',0,2,1,'5488012345678902',1),
('246',4,NOW(),'2026-04-30',6200000,1,3,'4559123456789013',2),
('357',4,NOW(),'2028-11-30',0,1,1,'4560234567890124',1),
('468',4,NOW(),'2027-06-30',11200000,2,4,'5491345678901235',2),
('579',4,NOW(),'2026-08-31',0,3,1,'3812456789012346',1),
('680',4,NOW(),'2028-12-31',7800000,1,2,'4563567890123457',2),
('791',4,NOW(),'2027-09-30',0,2,1,'5494678901234568',1),
('802',4,NOW(),'2026-05-31',15800000,2,6,'5505789012345679',2),
('913',4,NOW(),'2027-02-28',0,1,1,'4566890123456780',1),
('024',4,NOW(),'2028-01-31',8500000,3,4,'3817901234567891',2),
('135',4,NOW(),'2026-10-31',0,2,1,'5508012345678902',1),
('246',4,NOW(),'2027-07-31',12800000,1,5,'4569123456789013',2),
('357',4,NOW(),'2028-02-28',0,1,1,'4570234567890124',1),
('468',4,NOW(),'2026-03-31',9500000,2,4,'5511345678901235',2),
('579',4,NOW(),'2027-01-31',0,3,1,'3822456789012346',1),
('680',4,NOW(),'2028-04-30',6500000,1,2,'4573567890123457',2),
('791',4,NOW(),'2026-11-30',0,2,1,'5514678901234568',1),
('802',4,NOW(),'2027-12-31',16500000,2,6,'5525789012345679',2),
('913',4,NOW(),'2028-05-31',0,1,1,'4576890123456780',1),
('024',4,NOW(),'2026-06-30',10200000,3,4,'3827901234567891',2),
('135',4,NOW(),'2027-10-31',0,2,1,'5528012345678902',1);


INSERT INTO cuenta_tarjeta (activo,cuenta_id,fecha_asociacion,tarjeta_id) VALUES 
(TRUE,1,NOW(),1),
(TRUE,2,NOW(),2),
(TRUE,3,NOW(),3),
(TRUE,4,NOW(),4),
(TRUE,5,NOW(),5),
(TRUE,6,NOW(),6),
(TRUE,7,NOW(),7),
(TRUE,8,NOW(),8),
(TRUE,9,NOW(),9),
(TRUE,10,NOW(),10),
(TRUE,11,NOW(),11),
(TRUE,12,NOW(),12),
(TRUE,13,NOW(),13),
(TRUE,14,NOW(),14),
(TRUE,15,NOW(),15),
(TRUE,16,NOW(),16),
(TRUE,17,NOW(),17),
(TRUE,18,NOW(),18),
(TRUE,19,NOW(),19),
(TRUE,20,NOW(),20),
(TRUE,21,NOW(),21),
(TRUE,22,NOW(),22),
(TRUE,23,NOW(),23),
(TRUE,24,NOW(),24),
(TRUE,25,NOW(),25),
(TRUE,26,NOW(),26),
(TRUE,27,NOW(),27),
(TRUE,28,NOW(),28),
(TRUE,29,NOW(),29),
(TRUE,30,NOW(),30),
(TRUE,31,NOW(),31),
(TRUE,32,NOW(),32),
(TRUE,33,NOW(),33),
(TRUE,34,NOW(),34),
(TRUE,35,NOW(),35),
(TRUE,36,NOW(),36),
(TRUE,37,NOW(),37),
(TRUE,38,NOW(),38),
(TRUE,39,NOW(),39),
(TRUE,40,NOW(),40),
(TRUE,41,NOW(),41),
(TRUE,42,NOW(),42),
(TRUE,43,NOW(),43),
(TRUE,44,NOW(),44),
(TRUE,45,NOW(),45),
(TRUE,46,NOW(),46),
(TRUE,47,NOW(),47),
(TRUE,48,NOW(),48),
(TRUE,49,NOW(),49),
(TRUE,50,NOW(),50);


INSERT INTO metodos_de_pago_cuenta (activo,cuenta_id,fecha_asociacion,metodo_pago_id) VALUES 
(TRUE,1,NOW(),1),
(TRUE,1,NOW(),2),
(TRUE,1,NOW(),4),
(TRUE,2,NOW(),1),
(TRUE,2,NOW(),2),
(TRUE,2,NOW(),5),
(TRUE,3,NOW(),1),
(TRUE,3,NOW(),2),
(TRUE,3,NOW(),3),
(TRUE,4,NOW(),1),
(TRUE,4,NOW(),2),
(TRUE,4,NOW(),10),
(TRUE,5,NOW(),1),
(TRUE,5,NOW(),2),
(TRUE,5,NOW(),4),
(TRUE,6,NOW(),1),
(TRUE,6,NOW(),2),
(TRUE,6,NOW(),8),
(TRUE,7,NOW(),1),
(TRUE,7,NOW(),2),
(TRUE,7,NOW(),5),
(TRUE,8,NOW(),1),
(TRUE,8,NOW(),2),
(TRUE,8,NOW(),10),
(TRUE,9,NOW(),1),
(TRUE,9,NOW(),2),
(TRUE,9,NOW(),4),
(TRUE,10,NOW(),1),
(TRUE,10,NOW(),2),
(TRUE,10,NOW(),8),
(TRUE,11,NOW(),1),
(TRUE,11,NOW(),2),
(TRUE,11,NOW(),3),
(TRUE,12,NOW(),1),
(TRUE,12,NOW(),2),
(TRUE,12,NOW(),10),
(TRUE,13,NOW(),1),
(TRUE,13,NOW(),2),
(TRUE,13,NOW(),4),
(TRUE,14,NOW(),1),
(TRUE,14,NOW(),2),
(TRUE,14,NOW(),8),
(TRUE,15,NOW(),1),
(TRUE,15,NOW(),2),
(TRUE,15,NOW(),5),
(TRUE,16,NOW(),1),
(TRUE,16,NOW(),2),
(TRUE,16,NOW(),7),
(TRUE,17,NOW(),1),
(TRUE,17,NOW(),2),
(TRUE,17,NOW(),4),
(TRUE,18,NOW(),1),
(TRUE,18,NOW(),2),
(TRUE,18,NOW(),3),
(TRUE,19,NOW(),1),
(TRUE,19,NOW(),2),
(TRUE,19,NOW(),10),
(TRUE,20,NOW(),1),
(TRUE,20,NOW(),2),
(TRUE,20,NOW(),8),
(TRUE,21,NOW(),1),
(TRUE,21,NOW(),2),
(TRUE,21,NOW(),5),
(TRUE,22,NOW(),1),
(TRUE,22,NOW(),2),
(TRUE,22,NOW(),8),
(TRUE,23,NOW(),1),
(TRUE,23,NOW(),2),
(TRUE,23,NOW(),4),
(TRUE,24,NOW(),1),
(TRUE,24,NOW(),2),
(TRUE,24,NOW(),3),
(TRUE,25,NOW(),1),
(TRUE,25,NOW(),2),
(TRUE,25,NOW(),10),
(TRUE,26,NOW(),1),
(TRUE,26,NOW(),2),
(TRUE,26,NOW(),8),
(TRUE,27,NOW(),1),
(TRUE,27,NOW(),2),
(TRUE,27,NOW(),7),
(TRUE,28,NOW(),1),
(TRUE,28,NOW(),2),
(TRUE,28,NOW(),5),
(TRUE,29,NOW(),1),
(TRUE,29,NOW(),2),
(TRUE,29,NOW(),4),
(TRUE,30,NOW(),1),
(TRUE,30,NOW(),2),
(TRUE,30,NOW(),3),
(TRUE,31,NOW(),1),
(TRUE,31,NOW(),2),
(TRUE,31,NOW(),10),
(TRUE,32,NOW(),1),
(TRUE,32,NOW(),2),
(TRUE,32,NOW(),8),
(TRUE,33,NOW(),1),
(TRUE,33,NOW(),2),
(TRUE,33,NOW(),6),
(TRUE,34,NOW(),1),
(TRUE,34,NOW(),2),
(TRUE,34,NOW(),5),
(TRUE,35,NOW(),1),
(TRUE,35,NOW(),2),
(TRUE,35,NOW(),4),
(TRUE,36,NOW(),1),
(TRUE,36,NOW(),2),
(TRUE,36,NOW(),3),
(TRUE,37,NOW(),1),
(TRUE,37,NOW(),2),
(TRUE,37,NOW(),10),
(TRUE,38,NOW(),1),
(TRUE,38,NOW(),2),
(TRUE,38,NOW(),7),
(TRUE,39,NOW(),1),
(TRUE,39,NOW(),2),
(TRUE,39,NOW(),8),
(TRUE,40,NOW(),1),
(TRUE,40,NOW(),2),
(TRUE,40,NOW(),5),
(TRUE,41,NOW(),1),
(TRUE,41,NOW(),2),
(TRUE,41,NOW(),6),
(TRUE,42,NOW(),1),
(TRUE,42,NOW(),2),
(TRUE,42,NOW(),4),
(TRUE,43,NOW(),1),
(TRUE,43,NOW(),2),
(TRUE,43,NOW(),3),
(TRUE,44,NOW(),1),
(TRUE,44,NOW(),2),
(TRUE,44,NOW(),10),
(TRUE,45,NOW(),1),
(TRUE,45,NOW(),2),
(TRUE,45,NOW(),8),
(TRUE,46,NOW(),1),
(TRUE,46,NOW(),2),
(TRUE,46,NOW(),5),
(TRUE,47,NOW(),1),
(TRUE,47,NOW(),2),
(TRUE,47,NOW(),7),
(TRUE,48,NOW(),1),
(TRUE,48,NOW(),2),
(TRUE,48,NOW(),4),
(TRUE,49,NOW(),1),
(TRUE,49,NOW(),2),
(TRUE,49,NOW(),3),
(TRUE,50,NOW(),1),
(TRUE,50,NOW(),2),
(TRUE,50,NOW(),8),
(TRUE,51,NOW(),1),
(TRUE,51,NOW(),2),
(TRUE,51,NOW(),6),
(TRUE,51,NOW(),8),
(TRUE,52,NOW(),1),
(TRUE,52,NOW(),2),
(TRUE,52,NOW(),6),
(TRUE,52,NOW(),8),
(TRUE,53,NOW(),1),
(TRUE,53,NOW(),2),
(TRUE,53,NOW(),6),
(TRUE,53,NOW(),8),
(TRUE,54,NOW(),1),
(TRUE,54,NOW(),2),
(TRUE,54,NOW(),6),
(TRUE,54,NOW(),8),
(TRUE,55,NOW(),1),
(TRUE,55,NOW(),2),
(TRUE,55,NOW(),6),
(TRUE,55,NOW(),8),
(TRUE,56,NOW(),1),
(TRUE,56,NOW(),2),
(TRUE,56,NOW(),6),
(TRUE,56,NOW(),8),
(TRUE,57,NOW(),1),
(TRUE,57,NOW(),2),
(TRUE,57,NOW(),6),
(TRUE,57,NOW(),8),
(TRUE,58,NOW(),1),
(TRUE,58,NOW(),2),
(TRUE,58,NOW(),6),
(TRUE,58,NOW(),8),
(TRUE,59,NOW(),1),
(TRUE,59,NOW(),2),
(TRUE,59,NOW(),6),
(TRUE,59,NOW(),8),
(TRUE,60,NOW(),1),
(TRUE,60,NOW(),2),
(TRUE,60,NOW(),6),
(TRUE,60,NOW(),8);


INSERT INTO prestamos (cuenta_id,estado_id,fecha_desembolso,fecha_solicitud,frecuencia_pago_id,interes_id,monto_aprobado,monto_solicitado,plazo_meses,saldo_restante,tipo_prestamo_id) VALUES 
(1,12,NOW(),NOW(),4,3,8000000,10000000,36,6500000,1),
(3,12,NOW(),NOW(),4,5,22000000,25000000,60,20000000,3),
(4,12,NOW(),NOW(),4,3,15000000,15000000,24,12000000,7),
(7,12,NOW(),NOW(),4,4,35000000,40000000,120,32000000,2),
(10,12,NOW(),NOW(),4,3,12000000,12000000,48,9500000,1),
(12,12,NOW(),NOW(),4,10,8000000,9000000,36,6800000,4),
(15,12,NOW(),NOW(),4,5,18000000,20000000,72,16500000,3),
(17,12,NOW(),NOW(),4,3,6000000,7000000,24,4800000,1),
(20,12,NOW(),NOW(),4,4,45000000,50000000,180,42000000,2),
(22,12,NOW(),NOW(),4,11,25000000,25000000,60,22000000,6),
(24,12,NOW(),NOW(),4,3,9000000,10000000,36,7200000,1),
(26,12,NOW(),NOW(),4,5,28000000,30000000,84,25500000,3),
(29,12,NOW(),NOW(),4,12,15000000,15000000,48,12800000,7),
(31,12,NOW(),NOW(),4,4,55000000,60000000,240,52000000,2),
(33,12,NOW(),NOW(),4,11,35000000,40000000,72,32500000,6),
(35,12,NOW(),NOW(),4,3,11000000,12000000,30,9800000,1),
(37,12,NOW(),NOW(),4,10,7000000,8000000,24,6200000,4),
(39,12,NOW(),NOW(),4,5,24000000,27000000,60,22200000,3),
(41,12,NOW(),NOW(),4,11,42000000,45000000,96,39500000,6),
(43,12,NOW(),NOW(),4,3,8500000,9000000,36,7100000,1),
(45,12,NOW(),NOW(),4,4,38000000,42000000,120,35800000,2),
(47,12,NOW(),NOW(),4,10,5500000,6000000,18,4900000,4),
(48,12,NOW(),NOW(),4,12,18000000,20000000,60,16200000,7),
(2,12,NOW(),NOW(),4,3,7500000,8000000,24,6000000,1),
(5,12,NOW(),NOW(),4,5,32000000,35000000,72,29500000,3),
(8,12,NOW(),NOW(),4,4,48000000,50000000,180,45200000,2),
(11,12,NOW(),NOW(),4,11,28000000,30000000,48,25800000,6),
(14,12,NOW(),NOW(),4,10,6500000,7500000,30,5800000,4),
(16,12,NOW(),NOW(),4,3,13000000,14000000,42,11500000,1),
(18,12,NOW(),NOW(),4,5,21000000,23000000,60,19200000,3),
(21,12,NOW(),NOW(),4,12,16500000,18000000,36,14800000,7),
(23,12,NOW(),NOW(),4,4,52000000,55000000,240,49500000,2),
(25,12,NOW(),NOW(),4,11,31000000,33000000,72,28800000,6),
(27,12,NOW(),NOW(),4,3,9500000,10500000,30,8200000,1),
(30,12,NOW(),NOW(),4,10,8500000,9500000,24,7600000,4),
(32,12,NOW(),NOW(),4,5,26000000,28000000,66,24200000,3),
(34,12,NOW(),NOW(),4,3,10500000,11000000,36,9100000,1),
(36,12,NOW(),NOW(),4,4,41000000,44000000,144,38800000,2),
(38,12,NOW(),NOW(),4,10,4800000,5500000,18,4200000,4),
(40,12,NOW(),NOW(),4,12,19500000,21000000,54,17800000,7),
(42,12,NOW(),NOW(),4,11,33500000,36000000,84,31200000,6),
(44,12,NOW(),NOW(),4,3,12500000,13500000,42,11200000,1),
(46,12,NOW(),NOW(),4,5,29500000,32000000,78,27800000,3),
(49,12,NOW(),NOW(),4,4,46500000,48000000,192,44200000,2),
(6,12,NOW(),NOW(),4,11,27500000,29000000,60,25200000,6),
(9,12,NOW(),NOW(),4,10,7800000,8500000,30,6900000,4),
(13,12,NOW(),NOW(),4,3,14500000,15000000,48,13200000,1),
(19,12,NOW(),NOW(),4,5,23500000,25000000,66,21800000,3),
(28,12,NOW(),NOW(),4,12,17800000,19000000,42,16100000,7),
(50,12,NOW(),NOW(),4,4,49800000,52000000,216,47500000,2),
(51,12,NOW(),NOW(),4,11,85000000,90000000,120,82000000,6);




INSERT INTO transacciones (cuenta_destino_id,cuenta_origen_id,cobro_operacion,descripcion,fecha_operacion,monto,referencia,tipo_transaccion_id) VALUES 
(2,1,5000.00,'Transferencia entre cuentas de yo',NOW()-INTERVAL 15 DAY,500000.00,'TRF001',9),
(3,1,8000.00,'Pago de servicios publicos los recibos',NOW()-INTERVAL 12 DAY,125000.00,'PAG001',10),
(NULL,1,15000.00,'Retiro en cajero automatico de bancolombia',NOW()-INTERVAL 10 DAY,200000.00,'RET001',8),
(4,2,6000.00,'Transferencia nomina, pagaron',NOW()-INTERVAL 8 DAY,850000.00,'TRF002',9),
(NULL,2,12000.00,'Comprar mercado',NOW()-INTERVAL 7 DAY,180000.00,'COM001',12),
(5,3,4000.00,'Pago al que le debia plata',NOW()-INTERVAL 6 DAY,300000.00,'TRF003',9),
(NULL,3,20000.00,'Retiro de efectivo',NOW()-INTERVAL 5 DAY,400000.00,'RET002',8),
(6,4,7500.00,'Transferencia empresarial de negocios',NOW()-INTERVAL 4 DAY,1200000.00,'TRF004',9),
(NULL,4,25000.00,'Pago tarjeta credito',NOW()-INTERVAL 3 DAY,650000.00,'PAG002',11),
(7,5,9000.00,'Pago de servicios publicos los recibos',NOW()-INTERVAL 2 DAY,95000.00,'PAG003',10),
(8,6,3500.00,'Transferencia familiar',NOW()-INTERVAL 1 DAY,250000.00,'TRF005',9),
(NULL,7,18000.00,'Compra online de robux',NOW(),320000.00,'COM002',12),
(9,8,5500.00,'Pago convenio',NOW()-INTERVAL 20 DAY,450000.00,'PAG004',10),
(NULL,9,14000.00,'Retiro en cajero automatico de bbva',NOW()-INTERVAL 18 DAY,280000.00,'RET003',8),
(10,9,6500.00,'Transferencia  transferenciosa',NOW()-INTERVAL 16 DAY,380000.00,'TRF006',9),
(11,10,8500.00,'Pago nomina empleado chambeador',NOW()-INTERVAL 14 DAY,950000.00,'PAG005',10),
(NULL,11,16000.00,'Compra almacen  cositas',NOW()-INTERVAL 13 DAY,420000.00,'COM003',12),
(12,11,4500.00,'Transferencia ahorros',NOW()-INTERVAL 11 DAY,600000.00,'TRF007',9),
(NULL,12,22000.00,'Pago universidad ta cara',NOW()-INTERVAL 9 DAY,1500000.00,'PAG006',10),
(13,13,7000.00,'Transferencia nomina, pagaron',NOW()-INTERVAL 8 DAY,780000.00,'TRF008',9),
(14,14,12500.00,'Pago empresa',NOW()-INTERVAL 7 DAY,2500000.00,'PAG007',10),
(NULL,15,19000.00,'Retiro viaje pa santamarta',NOW()-INTERVAL 6 DAY,800000.00,'RET004',8),
(16,15,5800.00,'Transferencia juvenil',NOW()-INTERVAL 5 DAY,150000.00,'TRF009',9),
(NULL,16,28000.00,'Compra de airfrayer lo mejor del mundo',NOW()-INTERVAL 4 DAY,1200000.00,'COM004',12),
(17,17,9500.00,'Pago de servicios publicos los recibos hogar',NOW()-INTERVAL 3 DAY,220000.00,'PAG008',10),
(18,18,6800.00,'Transferencia personal',NOW()-INTERVAL 2 DAY,350000.00,'TRF010',9),
(NULL,19,15500.00,'Retiro vacaciones pa sangil',NOW()-INTERVAL 1 DAY,750000.00,'RET005',8),
(20,19,8200.00,'Transferencia nomina, pagaron',NOW(),480000.00,'TRF011',9),
(NULL,20,24000.00,'Pago seguro vehiculo por si me chocan',NOW()-INTERVAL 25 DAY,680000.00,'PAG009',10),
(21,21,4200.00,'Transferencia ahorro',NOW()-INTERVAL 23 DAY,200000.00,'TRF012',9),
(NULL,22,35000.00,'Compra vehiculo cuota pa chocarlo',NOW()-INTERVAL 21 DAY,2800000.00,'COM005',12),
(23,23,7800.00,'Pago de servicios publicos los recibos publicos',NOW()-INTERVAL 19 DAY,165000.00,'PAG010',10),
(24,24,5200.00,'Transferencia familiar de la family att: toreto',NOW()-INTERVAL 17 DAY,420000.00,'TRF013',9),
(NULL,25,18500.00,'Retiro emergencia total',NOW()-INTERVAL 15 DAY,650000.00,'RET006',8),
(26,26,9800.00,'Transferencia empresarial de negociacion',NOW()-INTERVAL 14 DAY,1850000.00,'TRF014',9),
(NULL,27,16500.00,'Compras mercadito',NOW()-INTERVAL 12 DAY,285000.00,'COM006',12),
(28,28,6200.00,'Pago nomina',NOW()-INTERVAL 11 DAY,320000.00,'PAG011',10),
(29,29,8800.00,'Transferencia plazo fijo',NOW()-INTERVAL 10 DAY,980000.00,'TRF015',9),
(NULL,30,21000.00,'Retiro cajero',NOW()-INTERVAL 9 DAY,450000.00,'RET007',8),
(31,31,5600.00,'Transferencia nomina, pagaron',NOW()-INTERVAL 8 DAY,720000.00,'TRF016',9),
(NULL,32,26000.00,'Pago universidad ta barata',NOW()-INTERVAL 7 DAY,1850000.00,'PAG012',10),
(33,33,12000.00,'Transferencia empresarial',NOW()-INTERVAL 6 DAY,3200000.00,'TRF017',9),
(NULL,34,17500.00,'Compra tecnologia de temu',NOW()-INTERVAL 5 DAY,950000.00,'COM007',12),
(35,35,7200.00,'Pago de servicios publicos los recibos',NOW()-INTERVAL 4 DAY,180000.00,'PAG013',10),
(36,36,4800.00,'Transferencia ahorro',NOW()-INTERVAL 3 DAY,380000.00,'TRF018',9),
(NULL,37,19500.00,'Retiro viaje',NOW()-INTERVAL 2 DAY,820000.00,'RET008',8),
(38,38,6600.00,'Transferencia juvenil',NOW()-INTERVAL 1 DAY,145000.00,'TRF019',9),
(39,39,8400.00,'Pago nomina',NOW(),1250000.00,'PAG014',10),
(NULL,40,23000.00,'Compra muebles',NOW()-INTERVAL 30 DAY,1500000.00,'COM008',12),
(41,41,11500.00,'Transferencia empresarial',NOW()-INTERVAL 28 DAY,2750000.00,'TRF020',9),
(42,42,5400.00,'Pago de servicios publicos los recibos hogar',NOW()-INTERVAL 26 DAY,195000.00,'PAG015',10),
(NULL,43,18000.00,'Retiro efectivo',NOW()-INTERVAL 24 DAY,680000.00,'RET009',8),
(44,44,7600.00,'Transferencia nomina, pagaron',NOW()-INTERVAL 22 DAY,850000.00,'TRF021',9),
(NULL,45,22500.00,'Compra ropa',NOW()-INTERVAL 20 DAY,425000.00,'COM009',12),
(46,46,6000.00,'Pago convenio',NOW()-INTERVAL 18 DAY,320000.00,'PAG016',10),
(47,47,4600.00,'Transferencia juvenil',NOW()-INTERVAL 16 DAY,125000.00,'TRF022',9),
(NULL,48,27000.00,'Retiro inversion',NOW()-INTERVAL 15 DAY,1850000.00,'RET010',8),
(49,49,8000.00,'Transferencia personal',NOW()-INTERVAL 13 DAY,580000.00,'TRF023',9),
(50,50,15000.00,'Pago empresa',NOW()-INTERVAL 12 DAY,4200000.00,'PAG017',10),
(51,51,25000.00,'Transferencia empresarial',NOW()-INTERVAL 11 DAY,8500000.00,'TRF024',9),
(52,52,18500.00,'Pago proveedores',NOW()-INTERVAL 10 DAY,6200000.00,'PAG018',10),
(53,53,32000.00,'Transferencia comercial',NOW()-INTERVAL 9 DAY,12000000.00,'TRF025',9),
(54,54,14000.00,'Pago de servicios publicos los recibos empresa',NOW()-INTERVAL 8 DAY,2800000.00,'PAG019',10),
(55,55,28500.00,'Transferencia nomina, pagaron empresa',NOW()-INTERVAL 7 DAY,9500000.00,'TRF026',9),
(56,56,21000.00,'Pago impuestos',NOW()-INTERVAL 6 DAY,5800000.00,'PAG020',10),
(57,57,35500.00,'Transferencia internacional',NOW()-INTERVAL 5 DAY,15200000.00,'TRF027',9);


INSERT INTO cuotas_manejo (activo,fecha_fin,fecha_inicio,frecuencia_pago_id,monto_apertura,tarjeta_id,tipo_cuota_manejo_id) VALUES 
(TRUE,'2025-12-31',NOW(),4,12000.00,1,1),
(TRUE,'2025-12-31',NOW(),4,15000.00,2,2),
(TRUE,'2025-12-31',NOW(),4,8000.00,3,1),
(TRUE,'2025-12-31',NOW(),4,18000.00,4,3),
(TRUE,'2025-12-31',NOW(),4,25000.00,5,2),
(TRUE,'2025-12-31',NOW(),4,10000.00,6,1),
(TRUE,'2025-12-31',NOW(),4,20000.00,7,2),
(TRUE,'2025-12-31',NOW(),4,7000.00,8,1),
(TRUE,'2025-12-31',NOW(),4,22000.00,9,3),
(TRUE,'2025-12-31',NOW(),4,9000.00,10,1),
(TRUE,'2025-12-31',NOW(),4,24000.00,11,2),
(TRUE,'2025-12-31',NOW(),4,11000.00,12,1),
(TRUE,'2025-12-31',NOW(),4,16000.00,13,2),
(TRUE,'2025-12-31',NOW(),4,6000.00,14,1),
(TRUE,'2025-12-31',NOW(),4,19000.00,15,3),
(TRUE,'2025-12-31',NOW(),4,13000.00,16,1),
(TRUE,'2025-12-31',NOW(),4,17000.00,17,2),
(TRUE,'2025-12-31',NOW(),4,8500.00,18,1),
(TRUE,'2025-12-31',NOW(),4,21000.00,19,3),
(TRUE,'2025-12-31',NOW(),4,14000.00,20,1),
(TRUE,'2025-12-31',NOW(),4,23000.00,21,2),
(TRUE,'2025-12-31',NOW(),4,9500.00,22,1),
(TRUE,'2025-12-31',NOW(),4,18500.00,23,2),
(TRUE,'2025-12-31',NOW(),4,7500.00,24,1),
(TRUE,'2025-12-31',NOW(),4,26000.00,25,3),
(TRUE,'2025-12-31',NOW(),4,12500.00,26,1),
(TRUE,'2025-12-31',NOW(),4,15500.00,27,2),
(TRUE,'2025-12-31',NOW(),4,8200.00,28,1),
(TRUE,'2025-12-31',NOW(),4,20500.00,29,3),
(TRUE,'2025-12-31',NOW(),4,11500.00,30,1),
(TRUE,'2025-12-31',NOW(),4,19500.00,31,2),
(TRUE,'2025-12-31',NOW(),4,9200.00,32,1),
(TRUE,'2025-12-31',NOW(),4,24500.00,33,2),
(TRUE,'2025-12-31',NOW(),4,13500.00,34,1),
(TRUE,'2025-12-31',NOW(),4,17500.00,35,3),
(TRUE,'2025-12-31',NOW(),4,10500.00,36,1),
(TRUE,'2025-12-31',NOW(),4,22500.00,37,2),
(TRUE,'2025-12-31',NOW(),4,8800.00,38,1),
(TRUE,'2025-12-31',NOW(),4,18800.00,39,3),
(TRUE,'2025-12-31',NOW(),4,14500.00,40,1),
(TRUE,'2025-12-31',NOW(),4,16500.00,41,2),
(TRUE,'2025-12-31',NOW(),4,7800.00,42,1),
(TRUE,'2025-12-31',NOW(),4,21500.00,43,2),
(TRUE,'2025-12-31',NOW(),4,12800.00,44,1),
(TRUE,'2025-12-31',NOW(),4,25500.00,45,3),
(TRUE,'2025-12-31',NOW(),4,9800.00,46,1),
(TRUE,'2025-12-31',NOW(),4,14800.00,47,2),
(TRUE,'2025-12-31',NOW(),4,11800.00,48,1),
(TRUE,'2025-12-31',NOW(),4,23500.00,49,2),
(TRUE,'2025-12-31',NOW(),4,13800.00,50,1);


INSERT INTO cuotas_prestamo (estado_cuota_id,fecha_pago,fecha_vencimiento,monto_capital,monto_cuota,monto_interes,monto_pagado,numero_cuota,prestamo_id) VALUES 
(3,NOW()-INTERVAL 30 DAY,'2024-07-15',200000.00,245000.00,45000.00,245000.00,1,1),
(3,NOW()-INTERVAL 15 DAY,'2024-08-15',202000.00,245000.00,43000.00,245000.00,2,1),
(3,NOW(),'2024-09-15',204000.00,245000.00,41000.00,245000.00,3,1),
(2,NULL,'2024-10-15',206000.00,245000.00,39000.00,0.00,4,1),
(2,NULL,'2024-11-15',208000.00,245000.00,37000.00,0.00,5,1),
(3,NOW()-INTERVAL 25 DAY,'2024-06-20',320000.00,385000.00,65000.00,385000.00,1,2),
(3,NOW()-INTERVAL 10 DAY,'2024-07-20',325000.00,385000.00,60000.00,385000.00,2,2),
(2,NULL,'2024-08-20',330000.00,385000.00,55000.00,0.00,3,2),
(2,NULL,'2024-09-20',335000.00,385000.00,50000.00,0.00,4,2),
(3,NOW()-INTERVAL 20 DAY,'2024-07-10',580000.00,695000.00,115000.00,695000.00,1,3),
(3,NOW()-INTERVAL 5 DAY,'2024-08-10',590000.00,695000.00,105000.00,695000.00,2,3),
(2,NULL,'2024-09-10',600000.00,695000.00,95000.00,0.00,3,3),
(3,NOW()-INTERVAL 28 DAY,'2024-06-25',280000.00,325000.00,45000.00,325000.00,1,4),
(3,NOW()-INTERVAL 13 DAY,'2024-07-25',285000.00,325000.00,40000.00,325000.00,2,4),
(2,NULL,'2024-08-25',290000.00,325000.00,35000.00,0.00,3,4),
(3,NOW()-INTERVAL 22 DAY,'2024-07-05',220000.00,275000.00,55000.00,275000.00,1,5),
(3,NOW()-INTERVAL 7 DAY,'2024-08-05',225000.00,275000.00,50000.00,275000.00,2,5),
(2,NULL,'2024-09-05',230000.00,275000.00,45000.00,0.00,3,5),
(3,NOW()-INTERVAL 18 DAY,'2024-07-12',180000.00,235000.00,55000.00,235000.00,1,6),
(2,NULL,'2024-08-12',185000.00,235000.00,50000.00,0.00,2,6),
(3,NOW()-INTERVAL 24 DAY,'2024-06-30',420000.00,485000.00,65000.00,485000.00,1,7),
(3,NOW()-INTERVAL 9 DAY,'2024-07-30',425000.00,485000.00,60000.00,485000.00,2,7),
(2,NULL,'2024-08-30',430000.00,485000.00,55000.00,0.00,3,7),
(3,NOW()-INTERVAL 16 DAY,'2024-07-18',140000.00,185000.00,45000.00,185000.00,1,8),
(2,NULL,'2024-08-18',145000.00,185000.00,40000.00,0.00,2,8),
(3,NOW()-INTERVAL 26 DAY,'2024-06-28',350000.00,415000.00,65000.00,415000.00,1,9),
(3,NOW()-INTERVAL 11 DAY,'2024-07-28',355000.00,415000.00,60000.00,415000.00,2,9),
(2,NULL,'2024-08-28',360000.00,415000.00,55000.00,0.00,3,9),
(3,NOW()-INTERVAL 19 DAY,'2024-07-08',480000.00,565000.00,85000.00,565000.00,1,10),
(3,NOW()-INTERVAL 4 DAY,'2024-08-08',485000.00,565000.00,80000.00,565000.00,2,10),
(2,NULL,'2024-09-08',490000.00,565000.00,75000.00,0.00,3,10),
(3,NOW()-INTERVAL 21 DAY,'2024-07-02',195000.00,245000.00,50000.00,245000.00,1,11),
(2,NULL,'2024-08-02',200000.00,245000.00,45000.00,0.00,2,11),
(3,NOW()-INTERVAL 17 DAY,'2024-07-14',385000.00,445000.00,60000.00,445000.00,1,12),
(2,NULL,'2024-08-14',390000.00,445000.00,55000.00,0.00,2,12),
(3,NOW()-INTERVAL 23 DAY,'2024-06-29',295000.00,365000.00,70000.00,365000.00,1,13),
(3,NOW()-INTERVAL 8 DAY,'2024-07-29',300000.00,365000.00,65000.00,365000.00,2,13),
(2,NULL,'2024-08-29',305000.00,365000.00,60000.00,0.00,3,13);


INSERT INTO registro_cuota (cuota_manejo_id,estado_cuota_id,fecha_corte,fecha_limite_pago,fecha_ultimo_cobro,monto_a_pagar,monto_abonado,monto_facturado) VALUES 
(1,3,'2024-06-30','2024-07-15',NOW()-INTERVAL 30 DAY,12000.00,12000.00,12000.00),
(1,2,'2024-07-31','2024-08-15',NOW()-INTERVAL 15 DAY,12000.00,0.00,12000.00),
(2,3,'2024-06-30','2024-07-15',NOW()-INTERVAL 28 DAY,15000.00,15000.00,15000.00),
(2,2,'2024-07-31','2024-08-15',NOW()-INTERVAL 13 DAY,15000.00,0.00,15000.00),
(3,3,'2024-06-30','2024-07-15',NOW()-INTERVAL 25 DAY,8000.00,8000.00,8000.00),
(3,2,'2024-07-31','2024-08-15',NOW()-INTERVAL 10 DAY,8000.00,0.00,8000.00),
(4,3,'2024-06-30','2024-07-15',NOW()-INTERVAL 22 DAY,18000.00,18000.00,18000.00),
(4,2,'2024-07-31','2024-08-15',NOW()-INTERVAL 7 DAY,18000.00,0.00,18000.00),
(5,3,'2024-06-30','2024-07-15',NOW()-INTERVAL 20 DAY,25000.00,25000.00,25000.00),
(5,2,'2024-07-31','2024-08-15',NOW()-INTERVAL 5 DAY,25000.00,0.00,25000.00),
(6,3,'2024-06-30','2024-07-15',NOW()-INTERVAL 18 DAY,10000.00,10000.00,10000.00),
(6,2,'2024-07-31','2024-08-15',NOW()-INTERVAL 3 DAY,10000.00,0.00,10000.00),
(7,3,'2024-06-30','2024-07-15',NOW()-INTERVAL 16 DAY,20000.00,20000.00,20000.00),
(7,2,'2024-07-31','2024-08-15',NOW()-INTERVAL 1 DAY,20000.00,0.00,20000.00),
(8,3,'2024-06-30','2024-07-15',NOW()-INTERVAL 14 DAY,7000.00,7000.00,7000.00),
(8,2,'2024-07-31','2024-08-15',NOW(),7000.00,0.00,7000.00),
(9,3,'2024-06-30','2024-07-15',NOW()-INTERVAL 12 DAY,22000.00,22000.00,22000.00),
(9,2,'2024-07-31','2024-08-15',NOW()-INTERVAL 2 DAY,22000.00,0.00,22000.00),
(10,3,'2024-06-30','2024-07-15',NOW()-INTERVAL 11 DAY,9000.00,9000.00,9000.00),
(10,2,'2024-07-31','2024-08-15',NOW()-INTERVAL 4 DAY,9000.00,0.00,9000.00),
(11,3,'2024-06-30','2024-07-15',NOW()-INTERVAL 9 DAY,24000.00,24000.00,24000.00),
(11,2,'2024-07-31','2024-08-15',NOW()-INTERVAL 6 DAY,24000.00,0.00,24000.00),
(12,3,'2024-06-30','2024-07-15',NOW()-INTERVAL 8 DAY,11000.00,11000.00,11000.00),
(12,2,'2024-07-31','2024-08-15',NOW()-INTERVAL 8 DAY,11000.00,0.00,11000.00),
(13,3,'2024-06-30','2024-07-15',NOW()-INTERVAL 17 DAY,16000.00,16000.00,16000.00),
(13,2,'2024-07-31','2024-08-15',NOW()-INTERVAL 9 DAY,16000.00,0.00,16000.00),
(14,3,'2024-06-30','2024-07-15',NOW()-INTERVAL 19 DAY,6000.00,6000.00,6000.00),
(14,2,'2024-07-31','2024-08-15',NOW()-INTERVAL 11 DAY,6000.00,0.00,6000.00),
(15,3,'2024-06-30','2024-07-15',NOW()-INTERVAL 21 DAY,19000.00,19000.00,19000.00),
(15,2,'2024-07-31','2024-08-15',NOW()-INTERVAL 13 DAY,19000.00,0.00,19000.00),
(16,3,'2024-06-30','2024-07-15',NOW()-INTERVAL 23 DAY,13000.00,13000.00,13000.00),
(16,2,'2024-07-31','2024-08-15',NOW()-INTERVAL 15 DAY,13000.00,0.00,13000.00),
(17,3,'2024-06-30','2024-07-15',NOW()-INTERVAL 24 DAY,17000.00,17000.00,17000.00),
(17,2,'2024-07-31','2024-08-15',NOW()-INTERVAL 16 DAY,17000.00,0.00,17000.00),
(18,3,'2024-06-30','2024-07-15',NOW()-INTERVAL 26 DAY,8500.00,8500.00,8500.00),
(18,2,'2024-07-31','2024-08-15',NOW()-INTERVAL 17 DAY,8500.00,0.00,8500.00),
(19,3,'2024-06-30','2024-07-15',NOW()-INTERVAL 27 DAY,21000.00,21000.00,21000.00),
(19,2,'2024-07-31','2024-08-15',NOW()-INTERVAL 18 DAY,21000.00,0.00,21000.00),
(20,3,'2024-06-30','2024-07-15',NOW()-INTERVAL 29 DAY,14000.00,14000.00,14000.00),
(20,2,'2024-07-31','2024-08-15',NOW()-INTERVAL 19 DAY,14000.00,0.00,14000.00),
(21,3,'2024-05-31','2024-06-15',NOW()-INTERVAL 45 DAY,23000.00,23000.00,23000.00),
(21,3,'2024-06-30','2024-07-15',NOW()-INTERVAL 31 DAY,23000.00,23000.00,23000.00),
(21,2,'2024-07-31','2024-08-15',NOW()-INTERVAL 20 DAY,23000.00,0.00,23000.00),
(22,3,'2024-06-30','2024-07-15',NOW()-INTERVAL 32 DAY,9500.00,9500.00,9500.00),
(22,2,'2024-07-31','2024-08-15',NOW()-INTERVAL 21 DAY,9500.00,0.00,9500.00),
(23,3,'2024-06-30','2024-07-15',NOW()-INTERVAL 33 DAY,18500.00,18500.00,18500.00),
(23,2,'2024-07-31','2024-08-15',NOW()-INTERVAL 22 DAY,18500.00,0.00,18500.00),
(24,3,'2024-06-30','2024-07-15',NOW()-INTERVAL 34 DAY,7500.00,7500.00,7500.00),
(24,2,'2024-07-31','2024-08-15',NOW()-INTERVAL 23 DAY,7500.00,0.00,7500.00),
(25,3,'2024-06-30','2024-07-15',NOW()-INTERVAL 35 DAY,26000.00,26000.00,26000.00),
(25,2,'2024-07-31','2024-08-15',NOW()-INTERVAL 24 DAY,26000.00,0.00,26000.00);


INSERT INTO pagos (cuenta_id,descripcion,estado_pago_id,fecha_pago,metodo_transaccion_id,monto,referencia,tipo_pago_id) VALUES 
(1,'Pago cuota prestamo personal mes 1',2,NOW()-INTERVAL 30 DAY,4,245000.00,'PAY001',1),
(1,'Pago cuota prestamo personal mes 2',2,NOW()-INTERVAL 15 DAY,4,245000.00,'PAY002',1),
(1,'Pago cuota prestamo personal mes 3',2,NOW(),4,245000.00,'PAY003',1),
(2,'Pago cuota manejo tarjeta credito',2,NOW()-INTERVAL 28 DAY,3,15000.00,'PAY004',2),
(2,'Pago tarjeta credito saldo total',2,NOW()-INTERVAL 20 DAY,2,850000.00,'PAY005',3),
(3,'Pago cuota prestamo automotriz mes 1',2,NOW()-INTERVAL 25 DAY,2,385000.00,'PAY006',1),
(3,'Pago cuota prestamo automotriz mes 2',2,NOW()-INTERVAL 10 DAY,2,385000.00,'PAY007',1),
(4,'Pago cuota manejo tarjeta platinum',2,NOW()-INTERVAL 22 DAY,4,18000.00,'PAY008',2),
(4,'Pago servicios publicos hogar',2,NOW()-INTERVAL 18 DAY,1,125000.00,'PAY009',5),
(5,'Pago cuota prestamo hipotecario',2,NOW()-INTERVAL 28 DAY,3,325000.00,'PAY010',1),
(5,'Pago seguro vehiculo anual',2,NOW()-INTERVAL 20 DAY,2,680000.00,'PAY011',5),
(6,'Pago cuota manejo cuenta premium',2,NOW()-INTERVAL 25 DAY,4,25000.00,'PAY012',2),
(6,'Pago nomina empleados empresa',2,NOW()-INTERVAL 15 DAY,2,1850000.00,'PAY013',7),
(7,'Pago cuota prestamo estudiantil',2,NOW()-INTERVAL 20 DAY,4,275000.00,'PAY014',1),
(7,'Pago universidad semestre',2,NOW()-INTERVAL 12 DAY,2,1500000.00,'PAY015',5),
(8,'Pago cuota manejo debito clasica',2,NOW()-INTERVAL 18 DAY,1,10000.00,'PAY016',2),
(8,'Transferencia familiar mensual',2,NOW()-INTERVAL 10 DAY,2,320000.00,'PAY017',8),
(9,'Pago cuota prestamo libre inversion',2,NOW()-INTERVAL 16 DAY,4,235000.00,'PAY018',1),
(9,'Pago servicios internet cable',2,NOW()-INTERVAL 8 DAY,3,95000.00,'PAY019',5),
(10,'Pago cuota manejo gold mastercard',2,NOW()-INTERVAL 14 DAY,4,20000.00,'PAY020',2),
(10,'Pago compra supermercado',2,NOW()-INTERVAL 6 DAY,4,180000.00,'PAY021',4),
(11,'Pago cuota prestamo comercial',2,NOW()-INTERVAL 24 DAY,2,485000.00,'PAY022',1),
(11,'Pago impuestos empresa',2,NOW()-INTERVAL 16 DAY,2,1200000.00,'PAY023',5),
(12,'Pago cuota manejo juvenil',2,NOW()-INTERVAL 12 DAY,1,7000.00,'PAY024',2),
(12,'Recarga celular plan mensual',2,NOW()-INTERVAL 4 DAY,1,45000.00,'PAY025',9),
(13,'Pago cuota prestamo prendario',2,NOW()-INTERVAL 19 DAY,4,185000.00,'PAY026',1),
(13,'Pago arriendo apartamento',2,NOW()-INTERVAL 11 DAY,2,950000.00,'PAY027',5),
(14,'Pago cuota manejo empresarial',2,NOW()-INTERVAL 17 DAY,2,22000.00,'PAY028',2),
(14,'Pago proveedores productos',2,NOW()-INTERVAL 9 DAY,2,2500000.00,'PAY029',8),
(15,'Pago cuota prestamo vehiculo',2,NOW()-INTERVAL 26 DAY,4,415000.00,'PAY030',1),
(15,'Pago gasolina y mantenimiento',2,NOW()-INTERVAL 18 DAY,4,250000.00,'PAY031',5),
(16,'Pago cuota manejo prepago',2,NOW()-INTERVAL 15 DAY,1,9000.00,'PAY032',2),
(16,'Recarga tarjeta prepago',2,NOW()-INTERVAL 7 DAY,1,150000.00,'PAY033',9),
(17,'Pago cuota prestamo personal',2,NOW()-INTERVAL 21 DAY,4,565000.00,'PAY034',1),
(17,'Pago consulta medica privada',2,NOW()-INTERVAL 13 DAY,4,185000.00,'PAY035',5),
(18,'Pago cuota manejo virtual',2,NOW()-INTERVAL 23 DAY,3,24000.00,'PAY036',2),
(18,'Compra online tecnologia',2,NOW()-INTERVAL 15 DAY,3,420000.00,'PAY037',4),
(19,'Pago cuota prestamo estudiantil',2,NOW()-INTERVAL 19 DAY,4,245000.00,'PAY038',1),
(19,'Pago colegio hijo mensualidad',2,NOW()-INTERVAL 11 DAY,2,480000.00,'PAY039',5),
(20,'Pago cuota manejo platinum',2,NOW()-INTERVAL 17 DAY,4,11000.00,'PAY040',2),
(20,'Pago hotel vacaciones familia',2,NOW()-INTERVAL 9 DAY,4,1200000.00,'PAY041',5),
(21,'Pago prestamo hipotecario',2,NOW()-INTERVAL 25 DAY,3,445000.00,'PAY042',1),
(21,'Pago administracion apartamento',2,NOW()-INTERVAL 17 DAY,2,185000.00,'PAY043',5),
(22,'Pago cuota manejo nomina',2,NOW()-INTERVAL 22 DAY,1,16000.00,'PAY044',2),
(22,'Pago bonificacion empleados',2,NOW()-INTERVAL 14 DAY,2,1850000.00,'PAY045',7),
(23,'Pago cuota prestamo comercial',2,NOW()-INTERVAL 20 DAY,4,365000.00,'PAY046',1),
(23,'Pago publicidad marketing',2,NOW()-INTERVAL 12 DAY,2,850000.00,'PAY047',5),
(24,'Pago cuota manejo clasica',2,NOW()-INTERVAL 18 DAY,1,6000.00,'PAY048',2),
(24,'Pago farmacia medicamentos',2,NOW()-INTERVAL 10 DAY,4,95000.00,'PAY049',5),
(25,'Pago cuota prestamo libre inversion',2,NOW()-INTERVAL 16 DAY,4,275000.00,'PAY050',1),
(25,'Pago gimnasio anualidad',2,NOW()-INTERVAL 8 DAY,4,380000.00,'PAY051',5);


INSERT INTO pagos_prestamo (cuota_prestamo_id,pago_id,monto_pagado,fecha_pago,metodo_pago_id,descripcion) VALUES 
(1,1,245000.00,NOW()-INTERVAL 30 DAY,2,'Pago cuota 1 prestamo personal Julian'),
(2,2,245000.00,NOW()-INTERVAL 15 DAY,2,'Pago cuota 2 prestamo personal Julian'),
(3,3,245000.00,NOW(),2,'Pago cuota 3 prestamo personal Julian'),
(6,6,385000.00,NOW()-INTERVAL 25 DAY,2,'Pago cuota 1 prestamo automotriz Paco'),
(7,7,385000.00,NOW()-INTERVAL 10 DAY,2,'Pago cuota 2 prestamo automotriz Paco'),
(13,10,325000.00,NOW()-INTERVAL 28 DAY,3,'Pago cuota hipotecario Laura'),
(16,14,275000.00,NOW()-INTERVAL 20 DAY,4,'Pago cuota estudiantil Marcelo'),
(19,18,235000.00,NOW()-INTERVAL 16 DAY,4,'Pago cuota libre inversion Marcela'),
(21,22,485000.00,NOW()-INTERVAL 24 DAY,2,'Pago cuota comercial Adrian'),
(24,26,185000.00,NOW()-INTERVAL 19 DAY,4,'Pago cuota prendario Santiago'),
(25,30,415000.00,NOW()-INTERVAL 26 DAY,4,'Pago cuota vehiculo Josias'),
(28,34,565000.00,NOW()-INTERVAL 21 DAY,4,'Pago cuota personal Maikel'),
(31,38,245000.00,NOW()-INTERVAL 19 DAY,4,'Pago cuota estudiantil Superkoku'),
(33,42,445000.00,NOW()-INTERVAL 25 DAY,3,'Pago cuota hipotecario Elpapu777'),
(35,46,365000.00,NOW()-INTERVAL 20 DAY,4,'Pago cuota comercial Samuel'),
(37,50,275000.00,NOW()-INTERVAL 16 DAY,4,'Pago cuota libre inversion Saul'),
(1,1,100000.00,NOW()-INTERVAL 25 DAY,2,'Abono adicional capital prestamo'),
(6,6,150000.00,NOW()-INTERVAL 20 DAY,2,'Abono extraordinario automotriz'),
(13,10,200000.00,NOW()-INTERVAL 23 DAY,3,'Pago anticipado hipotecario'),
(16,14,75000.00,NOW()-INTERVAL 15 DAY,4,'Abono extra estudiantil'),
(19,18,85000.00,NOW()-INTERVAL 11 DAY,4,'Pago adicional libre inversion'),
(21,22,250000.00,NOW()-INTERVAL 19 DAY,2,'Abono comercial extraordinario'),
(24,26,120000.00,NOW()-INTERVAL 14 DAY,4,'Pago anticipado prendario'),
(25,30,180000.00,NOW()-INTERVAL 21 DAY,4,'Abono vehiculo adicional'),
(28,34,95000.00,NOW()-INTERVAL 16 DAY,4,'Pago extra personal'),
(31,38,65000.00,NOW()-INTERVAL 14 DAY,4,'Abono estudiantil adicional'),
(33,42,300000.00,NOW()-INTERVAL 20 DAY,3,'Pago extraordinario hipotecario'),
(35,46,175000.00,NOW()-INTERVAL 15 DAY,4,'Abono comercial extra'),
(37,50,125000.00,NOW()-INTERVAL 11 DAY,4,'Pago adicional libre inversion');


INSERT INTO pago_cuota_manejo (cuota_manejo_id,fecha_pago,metodo_pago_id,monto_pagado,pago_id) VALUES 
(1,NOW()-INTERVAL 28 DAY,3,15000.00,4),
(2,NOW()-INTERVAL 22 DAY,4,18000.00,8),
(3,NOW()-INTERVAL 25 DAY,4,25000.00,12),
(4,NOW()-INTERVAL 18 DAY,1,10000.00,16),
(5,NOW()-INTERVAL 14 DAY,4,20000.00,20),
(6,NOW()-INTERVAL 12 DAY,1,7000.00,24),
(7,NOW()-INTERVAL 17 DAY,2,22000.00,28),
(8,NOW()-INTERVAL 23 DAY,3,24000.00,36),
(9,NOW()-INTERVAL 15 DAY,1,9000.00,32),
(10,NOW()-INTERVAL 22 DAY,1,16000.00,44),
(11,NOW()-INTERVAL 18 DAY,1,6000.00,48),
(1,NOW()-INTERVAL 58 DAY,3,15000.00,4),
(2,NOW()-INTERVAL 52 DAY,4,18000.00,8),
(3,NOW()-INTERVAL 55 DAY,4,25000.00,12),
(4,NOW()-INTERVAL 48 DAY,1,10000.00,16),
(5,NOW()-INTERVAL 44 DAY,4,20000.00,20),
(6,NOW()-INTERVAL 42 DAY,1,7000.00,24),
(7,NOW()-INTERVAL 47 DAY,2,22000.00,28),
(8,NOW()-INTERVAL 53 DAY,3,24000.00,36),
(9,NOW()-INTERVAL 45 DAY,1,9000.00,32),
(10,NOW()-INTERVAL 52 DAY,1,16000.00,44),
(11,NOW()-INTERVAL 48 DAY,1,6000.00,48),
(12,NOW()-INTERVAL 35 DAY,4,11000.00,20),
(13,NOW()-INTERVAL 38 DAY,2,16000.00,28),
(14,NOW()-INTERVAL 32 DAY,1,6000.00,16),
(15,NOW()-INTERVAL 40 DAY,4,19000.00,20),
(16,NOW()-INTERVAL 36 DAY,1,13000.00,24),
(17,NOW()-INTERVAL 34 DAY,2,17000.00,28),
(18,NOW()-INTERVAL 41 DAY,3,8500.00,36),
(19,NOW()-INTERVAL 37 DAY,1,21000.00,32),
(20,NOW()-INTERVAL 39 DAY,1,14000.00,44),
(21,NOW()-INTERVAL 33 DAY,1,23000.00,48),
(22,NOW()-INTERVAL 31 DAY,4,9500.00,20),
(23,NOW()-INTERVAL 29 DAY,2,18500.00,28),
(24,NOW()-INTERVAL 27 DAY,1,7500.00,16),
(25,NOW()-INTERVAL 25 DAY,4,26000.00,20);


INSERT INTO historial_tarjetas (descripcion,evento_id,fecha_registro,tarjeta_id,usuario_id) VALUES 
('Tarjeta debito activada exitosamente',1,NOW()-INTERVAL 60 DAY,1,NULL),
('Tarjeta credito gold activada',1,NOW()-INTERVAL 58 DAY,2,NULL),
('Tarjeta debito visa activada',1,NOW()-INTERVAL 56 DAY,3,NULL),
('Tarjeta credito platinum activada',1,NOW()-INTERVAL 54 DAY,4,NULL),
('Tarjeta empresarial activada',1,NOW()-INTERVAL 52 DAY,5,NULL),
('Bloqueo temporal por seguridad',3,NOW()-INTERVAL 25 DAY,1,NULL),
('Desbloqueo tarjeta verificacion',4,NOW()-INTERVAL 23 DAY,1,NULL),
('Renovacion tarjeta por vencimiento',6,NOW()-INTERVAL 45 DAY,2,NULL),
('Reporte tarjeta perdida',7,NOW()-INTERVAL 35 DAY,3,NULL),
('Reemplazo tarjeta perdida',9,NOW()-INTERVAL 33 DAY,3,NULL),
('Bloqueo por movimientos sospechosos',3,NOW()-INTERVAL 20 DAY,4,NULL),
('Desbloqueo verificacion cliente',4,NOW()-INTERVAL 18 DAY,4,NULL),
('Activacion tarjeta reemplazo',1,NOW()-INTERVAL 30 DAY,6,NULL),
('Cierre tarjeta por solicitud cliente',2,NOW()-INTERVAL 40 DAY,7,NULL),
('Activacion nueva tarjeta',1,NOW()-INTERVAL 50 DAY,8,NULL),
('Bloqueo preventivo viaje',3,NOW()-INTERVAL 15 DAY,5,NULL),
('Desbloqueo regreso viaje',4,NOW()-INTERVAL 10 DAY,5,NULL),
('Renovacion automatica tarjeta',6,NOW()-INTERVAL 42 DAY,9,NULL),
('Activacion tarjeta virtual',1,NOW()-INTERVAL 48 DAY,10,NULL),
('Tarjeta prepago activada',1,NOW()-INTERVAL 46 DAY,11,NULL),
('Bloqueo por limite excedido',3,NOW()-INTERVAL 12 DAY,2,NULL),
('Desbloqueo ajuste limite',4,NOW()-INTERVAL 8 DAY,2,NULL),
('Reporte tarjeta robada',8,NOW()-INTERVAL 28 DAY,12,NULL),
('Emision tarjeta reemplazo robo',9,NOW()-INTERVAL 26 DAY,12,NULL),
('Activacion tarjeta nomina',1,NOW()-INTERVAL 44 DAY,13,NULL),
('Cierre temporal cuenta',2,NOW()-INTERVAL 22 DAY,14,NULL),
('Reactivacion cuenta verificada',1,NOW()-INTERVAL 19 DAY,14,NULL),
('Vencimiento tarjeta no renovada',5,NOW()-INTERVAL 5 DAY,15,NULL),
('Solicitud nueva tarjeta',1,NOW()-INTERVAL 3 DAY,15,NULL),
('Bloqueo por fraude detectado',3,NOW()-INTERVAL 17 DAY,16,NULL),
('Investigacion fraude completada',4,NOW()-INTERVAL 14 DAY,16,NULL),
('Tarjeta empresarial gold activada',1,NOW()-INTERVAL 41 DAY,17,NULL),
('Ajuste limite credito',6,NOW()-INTERVAL 21 DAY,18,NULL),
('Activacion chip contactless',1,NOW()-INTERVAL 39 DAY,19,NULL),
('Bloqueo mantenimiento sistema',3,NOW()-INTERVAL 6 DAY,20,NULL),
('Desbloqueo fin mantenimiento',4,NOW()-INTERVAL 4 DAY,20,NULL),
('Tarjeta platinum infinite activada',1,NOW()-INTERVAL 37 DAY,21,NULL),
('Renovacion nivel tarjeta',6,NOW()-INTERVAL 24 DAY,22,NULL),
('Activacion seguros tarjeta',1,NOW()-INTERVAL 35 DAY,23,NULL),
('Cierre por inactividad',2,NOW()-INTERVAL 16 DAY,24,NULL),
('Reactivacion uso cliente',1,NOW()-INTERVAL 13 DAY,24,NULL),
('Bloqueo temporal verificacion',3,NOW()-INTERVAL 9 DAY,25,NULL),
('Verificacion identidad completada',4,NOW()-INTERVAL 7 DAY,25,NULL),
('Activacion cashback programa',1,NOW()-INTERVAL 33 DAY,26,NULL),
('Tarjeta black exclusive activada',1,NOW()-INTERVAL 31 DAY,27,NULL),
('Bloqueo por PIN incorrecto',3,NOW()-INTERVAL 11 DAY,28,NULL),
('Desbloqueo cambio PIN',4,NOW()-INTERVAL 9 DAY,28,NULL),
('Renovacion tarjeta empresarial',6,NOW()-INTERVAL 27 DAY,29,NULL),
('Activacion banca movil',1,NOW()-INTERVAL 29 DAY,30,NULL);


INSERT INTO historial_de_pagos (descripcion,estado_pago_id,fecha_registro,metodo_pago_id,pago_id,usuario_id) VALUES 
('Pago procesado exitosamente via transferencia',2,NOW()-INTERVAL 30 DAY,2,1,NULL),
('Confirmacion pago cuota prestamo',2,NOW()-INTERVAL 29 DAY,2,1,NULL),
('Pago en proceso verificacion',6,NOW()-INTERVAL 15 DAY,2,2,NULL),
('Pago completado y aplicado',2,NOW()-INTERVAL 14 DAY,2,2,NULL),
('Pago rechazado fondos insuficientes',3,NOW(),4,3,NULL),
('Intento pago fallido conexion',4,NOW()-INTERVAL 28 DAY,3,4,NULL),
('Reintento pago exitoso',2,NOW()-INTERVAL 27 DAY,3,4,NULL),
('Pago tarjeta credito procesado',2,NOW()-INTERVAL 20 DAY,2,5,NULL),
('Pago cuota automotriz completado',2,NOW()-INTERVAL 25 DAY,2,6,NULL),
('Confirmacion pago banco',2,NOW()-INTERVAL 24 DAY,2,6,NULL),
('Segundo pago automotriz procesado',2,NOW()-INTERVAL 10 DAY,2,7,NULL),
('Pago cuota manejo aplicado',2,NOW()-INTERVAL 22 DAY,4,8,NULL),
('Pago servicios completado',2,NOW()-INTERVAL 18 DAY,1,9,NULL),
('Pago hipotecario en proceso',6,NOW()-INTERVAL 28 DAY,3,10,NULL),
('Pago hipotecario completado',2,NOW()-INTERVAL 27 DAY,3,10,NULL),
('Pago seguro procesado',2,NOW()-INTERVAL 20 DAY,2,11,NULL),
('Pago cuota premium aplicado',2,NOW()-INTERVAL 25 DAY,4,12,NULL),
('Pago nomina empresa procesado',2,NOW()-INTERVAL 15 DAY,2,13,NULL),
('Confirmacion pago nomina',2,NOW()-INTERVAL 14 DAY,2,13,NULL),
('Pago estudiantil completado',2,NOW()-INTERVAL 20 DAY,4,14,NULL),
('Pago universidad procesado',2,NOW()-INTERVAL 12 DAY,2,15,NULL),
('Pago cuota debito aplicado',2,NOW()-INTERVAL 18 DAY,1,16,NULL),
('Transferencia familiar procesada',2,NOW()-INTERVAL 10 DAY,2,17,NULL),
('Pago libre inversion completado',2,NOW()-INTERVAL 16 DAY,4,18,NULL),
('Pago internet cable procesado',2,NOW()-INTERVAL 8 DAY,3,19,NULL),
('Pago cuota gold aplicado',2,NOW()-INTERVAL 14 DAY,4,20,NULL),
('Compra supermercado procesada',2,NOW()-INTERVAL 6 DAY,4,21,NULL),
('Pago comercial completado',2,NOW()-INTERVAL 24 DAY,2,22,NULL),
('Pago impuestos procesado',2,NOW()-INTERVAL 16 DAY,2,23,NULL),
('Confirmacion pago impuestos',2,NOW()-INTERVAL 15 DAY,2,23,NULL),
('Pago cuota juvenil aplicado',2,NOW()-INTERVAL 12 DAY,1,24,NULL),
('Recarga celular procesada',2,NOW()-INTERVAL 4 DAY,1,25,NULL),
('Pago prendario completado',2,NOW()-INTERVAL 19 DAY,4,26,NULL),
('Pago arriendo procesado',2,NOW()-INTERVAL 11 DAY,2,27,NULL),
('Pago cuota empresarial aplicado',2,NOW()-INTERVAL 17 DAY,2,28,NULL),
('Pago proveedores procesado',2,NOW()-INTERVAL 9 DAY,2,29,NULL),
('Confirmacion pago proveedores',2,NOW()-INTERVAL 8 DAY,2,29,NULL),
('Pago vehiculo completado',2,NOW()-INTERVAL 26 DAY,4,30,NULL),
('Pago gasolina procesado',2,NOW()-INTERVAL 18 DAY,4,31,NULL),
('Pago cuota prepago aplicado',2,NOW()-INTERVAL 15 DAY,1,32,NULL),
('Recarga prepago procesada',2,NOW()-INTERVAL 7 DAY,1,33,NULL),
('Pago personal completado',2,NOW()-INTERVAL 21 DAY,4,34,NULL),
('Pago consulta medica procesado',2,NOW()-INTERVAL 13 DAY,4,35,NULL),
('Pago cuota virtual aplicado',2,NOW()-INTERVAL 23 DAY,3,36,NULL),
('Compra online procesada',2,NOW()-INTERVAL 15 DAY,3,37,NULL),
('Pago estudiantil procesado',2,NOW()-INTERVAL 19 DAY,4,38,NULL),
('Pago colegio completado',2,NOW()-INTERVAL 11 DAY,2,39,NULL),
('Confirmacion pago colegio',2,NOW()-INTERVAL 10 DAY,2,39,NULL),
('Pago cuota platinum aplicado',2,NOW()-INTERVAL 17 DAY,4,40,NULL),
('Pago hotel procesado',2,NOW()-INTERVAL 9 DAY,4,41,NULL),
('Pago hipotecario completado',2,NOW()-INTERVAL 25 DAY,3,42,NULL),
('Pago administracion procesado',2,NOW()-INTERVAL 17 DAY,2,43,NULL);


INSERT INTO extracto_bancario (cuenta_id,descripcion,fecha_final_extracto,fecha_inicial_extracto,metodo_transaccion_id,monto,referencia,saldo_post_operacion,tipo_operacion_id) VALUES 
(1,'Deposito inicial apertura cuenta','2024-06-30','2024-06-01',1,2500000.00,'EXT001',2500000.00,1),
(1,'Pago cuota prestamo personal','2024-06-30','2024-06-01',4,-245000.00,'EXT002',2255000.00,17),
(1,'Transferencia recibida nomina','2024-06-30','2024-06-01',2,850000.00,'EXT003',3105000.00,2),
(1,'Retiro cajero automatico','2024-06-30','2024-06-01',1,-200000.00,'EXT004',2905000.00,9),
(1,'Comision manejo cuenta','2024-06-30','2024-06-01',1,-15000.00,'EXT005',2890000.00,15),
(2,'Apertura cuenta corriente','2024-06-30','2024-06-01',2,850000.00,'EXT006',850000.00,1),
(2,'Pago tarjeta credito','2024-06-30','2024-06-01',2,-650000.00,'EXT007',200000.00,12),
(2,'Transferencia enviada','2024-06-30','2024-06-01',2,-500000.00,'EXT008',-300000.00,10),
(2,'Sobregiro autorizado','2024-06-30','2024-06-01',2,500000.00,'EXT009',200000.00,2),
(3,'Deposito inicial ahorros','2024-06-30','2024-06-01',1,1750000.00,'EXT010',1750000.00,1),
(3,'Pago cuota automotriz','2024-06-30','2024-06-01',2,-385000.00,'EXT011',1365000.00,17),
(3,'Intereses ganados mes','2024-06-30','2024-06-01',1,8750.00,'EXT012',1373750.00,4),
(3,'Transferencia familiar','2024-06-30','2024-06-01',2,300000.00,'EXT013',1673750.00,2),
(4,'Apertura cuenta nomina','2024-06-30','2024-06-01',2,3200000.00,'EXT014',3200000.00,1),
(4,'Descuento nomina prestamo','2024-06-30','2024-06-01',2,-325000.00,'EXT015',2875000.00,17),
(4,'Pago servicios publicos','2024-06-30','2024-06-01',3,-125000.00,'EXT016',2750000.00,11),
(5,'Deposito cuenta ahorros','2024-06-30','2024-06-01',1,2100000.00,'EXT017',2100000.00,1),
(5,'Pago cuota prestamo','2024-06-30','2024-06-01',4,-275000.00,'EXT018',1825000.00,17),
(5,'Cashback compras','2024-06-30','2024-06-01',4,12500.00,'EXT019',1837500.00,7),
(6,'Apertura plazo fijo','2024-06-30','2024-06-01',2,5500000.00,'EXT020',5500000.00,1),
(6,'Rendimientos plazo fijo','2024-06-30','2024-06-01',1,89166.67,'EXT021',5589166.67,4),
(7,'Deposito cuenta ahorros','2024-06-30','2024-06-01',1,680000.00,'EXT022',680000.00,1),
(7,'Pago universidad','2024-06-30','2024-06-01',2,-1500000.00,'EXT023',-820000.00,11),
(7,'Transferencia padres','2024-06-30','2024-06-01',2,1500000.00,'EXT024',680000.00,2),
(8,'Apertura cuenta nomina','2024-06-30','2024-06-01',2,2800000.00,'EXT025',2800000.00,3),
(8,'Transferencia familiar','2024-06-30','2024-06-01',2,-320000.00,'EXT026',2480000.00,10),
(8,'Pago servicios hogar','2024-06-30','2024-06-01',1,-95000.00,'EXT027',2385000.00,11),
(9,'Deposito cuenta corriente','2024-06-30','2024-06-01',2,1950000.00,'EXT028',1950000.00,1),
(9,'Pago cuota libre inversion','2024-06-30','2024-06-01',4,-235000.00,'EXT029',1715000.00,17),
(9,'Comision transferencia','2024-06-30','2024-06-01',2,-8500.00,'EXT030',1706500.00,15),
(10,'Apertura cuenta ahorros VIP','2024-06-30','2024-06-01',1,4200000.00,'EXT031',4200000.00,1),
(10,'Pago cuota manejo exonerado','2024-06-30','2024-06-01',1,0.00,'EXT032',4200000.00,14),
(10,'Compra supermercado','2024-06-30','2024-06-01',4,-180000.00,'EXT033',4020000.00,12),
(11,'Deposito inicial','2024-07-31','2024-07-01',1,1320000.00,'EXT034',1320000.00,1),
(11,'Pago cuota comercial','2024-07-31','2024-07-01',2,-485000.00,'EXT035',835000.00,17),
(11,'Transferencia empresa','2024-07-31','2024-07-01',2,1200000.00,'EXT036',2035000.00,2),
(12,'Apertura cuenta juvenil','2024-07-31','2024-07-01',1,3650000.00,'EXT037',3650000.00,1),
(12,'Descuento juvenil aplicado','2024-07-31','2024-07-01',1,3500.00,'EXT038',3653500.00,7),
(12,'Recarga celular','2024-07-31','2024-07-01',1,-45000.00,'EXT039',3608500.00,11),
(13,'Deposito cuenta corriente','2024-07-31','2024-07-01',2,780000.00,'EXT040',780000.00,1),
(13,'Pago arriendo','2024-07-31','2024-07-01',2,-950000.00,'EXT041',-170000.00,11),
(13,'Sobregiro autorizado','2024-07-31','2024-07-01',2,950000.00,'EXT042',780000.00,2),
(14,'Apertura cuenta plazo fijo','2024-07-31','2024-07-01',2,8900000.00,'EXT043',8900000.00,1),
(14,'Intereses plazo fijo','2024-07-31','2024-07-01',1,144833.33,'EXT044',9044833.33,4),
(15,'Deposito ahorros','2024-07-31','2024-07-01',1,2150000.00,'EXT045',2150000.00,1),
(15,'Pago consulta medica','2024-07-31','2024-07-01',4,-185000.00,'EXT046',1965000.00,11),
(15,'Devolucion compra','2024-07-31','2024-07-01',4,95000.00,'EXT047',2060000.00,5),
(16,'Apertura cuenta juvenil','2024-07-31','2024-07-01',1,450000.00,'EXT048',450000.00,1),
(16,'Recarga prepago','2024-07-31','2024-07-01',1,-150000.00,'EXT049',300000.00,11),
(16,'Transferencia padres','2024-07-31','2024-07-01',2,200000.00,'EXT050',500000.00,2);


INSERT INTO descuentos_aplicados (descuento_aplicado,descuento_id,fecha_aplicado,monto_con_descuento,monto_inicial,tarjeta_id) VALUES 
(1800.00,1,NOW()-INTERVAL 30 DAY,10200.00,12000.00,1),
(2250.00,2,NOW()-INTERVAL 28 DAY,12750.00,15000.00,2),
(8000.00,3,NOW()-INTERVAL 25 DAY,0.00,8000.00,3),
(3600.00,4,NOW()-INTERVAL 22 DAY,14400.00,18000.00,4),
(625.00,5,NOW()-INTERVAL 20 DAY,24375.00,25000.00,5),
(1500.00,1,NOW()-INTERVAL 18 DAY,8500.00,10000.00,6),
(3000.00,2,NOW()-INTERVAL 15 DAY,17000.00,20000.00,7),
(7000.00,3,NOW()-INTERVAL 12 DAY,0.00,7000.00,8),
(4400.00,4,NOW()-INTERVAL 10 DAY,17600.00,22000.00,9),
(225.00,5,NOW()-INTERVAL 8 DAY,8775.00,9000.00,10),
(3600.00,2,NOW()-INTERVAL 6 DAY,20400.00,24000.00,11),
(1650.00,1,NOW()-INTERVAL 4 DAY,9350.00,11000.00,12),
(2400.00,2,NOW()-INTERVAL 2 DAY,13600.00,16000.00,13),
(6000.00,3,NOW(),0.00,6000.00,14),
(3800.00,4,NOW()-INTERVAL 26 DAY,15200.00,19000.00,15),
(325.00,5,NOW()-INTERVAL 24 DAY,12675.00,13000.00,16),
(2550.00,2,NOW()-INTERVAL 21 DAY,14450.00,17000.00,17),
(1275.00,1,NOW()-INTERVAL 19 DAY,7225.00,8500.00,18),
(4200.00,4,NOW()-INTERVAL 17 DAY,16800.00,21000.00,19),
(350.00,5,NOW()-INTERVAL 14 DAY,13650.00,14000.00,20),
(3450.00,2,NOW()-INTERVAL 11 DAY,19550.00,23000.00,21),
(1425.00,1,NOW()-INTERVAL 9 DAY,8075.00,9500.00,22),
(2775.00,2,NOW()-INTERVAL 7 DAY,15725.00,18500.00,23),
(7500.00,3,NOW()-INTERVAL 5 DAY,0.00,7500.00,24),
(5200.00,4,NOW()-INTERVAL 3 DAY,20800.00,26000.00,25),
(312.50,5,NOW()-INTERVAL 1 DAY,12187.50,12500.00,26),
(2325.00,2,NOW()-INTERVAL 16 DAY,13175.00,15500.00,27),
(1230.00,1,NOW()-INTERVAL 13 DAY,6970.00,8200.00,28),
(4100.00,4,NOW()-INTERVAL 23 DAY,16400.00,20500.00,29),
(287.50,5,NOW()-INTERVAL 27 DAY,11212.50,11500.00,30);


INSERT INTO registro_prestamos (prestamo_id,ultimo_pago,fecha_ultimo_pago,ultimo_estado_id,monto_restante,tiempo_restante_meses,fecha_registro) VALUES 
(1,245000.00,NOW()-INTERVAL 30 DAY,12,6255000.00,33,NOW()-INTERVAL 30 DAY),
(1,245000.00,NOW()-INTERVAL 15 DAY,12,6010000.00,32,NOW()-INTERVAL 15 DAY),
(1,245000.00,NOW(),12,5765000.00,31,NOW()),
(2,385000.00,NOW()-INTERVAL 25 DAY,12,19615000.00,57,NOW()-INTERVAL 25 DAY),
(2,385000.00,NOW()-INTERVAL 10 DAY,12,19230000.00,56,NOW()-INTERVAL 10 DAY),
(3,695000.00,NOW()-INTERVAL 20 DAY,12,11305000.00,22,NOW()-INTERVAL 20 DAY),
(3,695000.00,NOW()-INTERVAL 5 DAY,12,10610000.00,21,NOW()-INTERVAL 5 DAY),
(4,325000.00,NOW()-INTERVAL 28 DAY,12,31675000.00,117,NOW()-INTERVAL 28 DAY),
(4,325000.00,NOW()-INTERVAL 13 DAY,12,31350000.00,116,NOW()-INTERVAL 13 DAY),
(5,275000.00,NOW()-INTERVAL 22 DAY,12,9225000.00,46,NOW()-INTERVAL 22 DAY),
(5,275000.00,NOW()-INTERVAL 7 DAY,12,8950000.00,45,NOW()-INTERVAL 7 DAY),
(6,235000.00,NOW()-INTERVAL 18 DAY,12,6565000.00,22,NOW()-INTERVAL 18 DAY),
(7,485000.00,NOW()-INTERVAL 24 DAY,12,15515000.00,69,NOW()-INTERVAL 24 DAY),
(7,485000.00,NOW()-INTERVAL 9 DAY,12,15030000.00,68,NOW()-INTERVAL 9 DAY),
(8,185000.00,NOW()-INTERVAL 16 DAY,12,4615000.00,16,NOW()-INTERVAL 16 DAY),
(9,415000.00,NOW()-INTERVAL 26 DAY,12,18585000.00,93,NOW()-INTERVAL 26 DAY),
(9,415000.00,NOW()-INTERVAL 11 DAY,12,18170000.00,92,NOW()-INTERVAL 11 DAY),
(10,565000.00,NOW()-INTERVAL 19 DAY,12,33435000.00,176,NOW()-INTERVAL 19 DAY),
(10,565000.00,NOW()-INTERVAL 4 DAY,12,32870000.00,175,NOW()-INTERVAL 4 DAY),
(11,245000.00,NOW()-INTERVAL 21 DAY,12,7255000.00,57,NOW()-INTERVAL 21 DAY),
(12,445000.00,NOW()-INTERVAL 17 DAY,12,21555000.00,82,NOW()-INTERVAL 17 DAY),
(13,365000.00,NOW()-INTERVAL 23 DAY,12,16635000.00,46,NOW()-INTERVAL 23 DAY),
(13,365000.00,NOW()-INTERVAL 8 DAY,12,16270000.00,45,NOW()-INTERVAL 8 DAY),
(14,325000.00,NOW()-INTERVAL 14 DAY,12,46465000.00,237,NOW()-INTERVAL 14 DAY),
(14,325000.00,NOW()-INTERVAL 29 DAY,12,46140000.00,236,NOW()-INTERVAL 29 DAY),
(15,275000.00,NOW()-INTERVAL 12 DAY,12,25525000.00,28,NOW()-INTERVAL 12 DAY),
(15,275000.00,NOW()-INTERVAL 3 DAY,12,25250000.00,27,NOW()-INTERVAL 3 DAY),
(16,235000.00,NOW()-INTERVAL 27 DAY,12,5565000.00,40,NOW()-INTERVAL 27 DAY),
(16,235000.00,NOW()-INTERVAL 6 DAY,12,5330000.00,39,NOW()-INTERVAL 6 DAY),
(17,485000.00,NOW()-INTERVAL 1 DAY,12,36515000.00,117,NOW()-INTERVAL 1 DAY),
(17,485000.00,NOW()-INTERVAL 31 DAY,12,36030000.00,116,NOW()-INTERVAL 31 DAY),
(18,185000.00,NOW()-INTERVAL 2 DAY,12,4430000.00,16,NOW()-INTERVAL 2 DAY),
(18,185000.00,NOW()-INTERVAL 32 DAY,12,4245000.00,15,NOW()-INTERVAL 32 DAY),
(19,415000.00,NOW()-INTERVAL 33 DAY,12,17285000.00,51,NOW()-INTERVAL 33 DAY),
(19,415000.00,NOW()-INTERVAL 34 DAY,12,16870000.00,50,NOW()-INTERVAL 34 DAY),
(20,565000.00,NOW()-INTERVAL 35 DAY,12,30435000.00,76,NOW()-INTERVAL 35 DAY),
(20,565000.00,NOW()-INTERVAL 36 DAY,12,29870000.00,75,NOW()-INTERVAL 36 DAY);